date,athlete_name,Peak Power / BM,grid_week
06/10/2024,Kat Lazor,42.69,2
06/17/2024,Betty Velkova,45.971,3
06/17/2024,Kat Lazor,42.38133333333334,3
06/24/2024,Allie Love,40.329,4
06/24/2024,Camille Quarterman,54.63466666666667,4
06/24/2024,Dayo Tennyson,54.61233333333333,4
06/24/2024,Lilly Reuscher,53.013666666666666,4
06/24/2024,Taylor Rish,50.81,4
07/01/2024,Betty Velkova,46.773,5
07/01/2024,Kat Lazor,51.97833333333333,5
07/01/2024,Camille Quarterman,53.956500000000005,5
07/01/2024,Lilly Reuscher,51.61066666666667,5
07/01/2024,Dayo Tennyson,53.571333333333335,5
07/01/2024,Allie Love,39.57966666666667,5
07/15/2024,Jules Johnston,43.93366666666666,7
07/15/2024,Taylor Rish,52.45066666666667,7
07/15/2024,Mariana Elizondo,45.324333333333335,7
07/15/2024,Kat Lazor,54.04833333333334,7
07/15/2024,Carsyn Martz,53.35,7
07/15/2024,Betty Velkova,43.59233333333333,7
07/15/2024,Lilly Reuscher,47.785666666666664,7
07/15/2024,Mia Brumlow,49.1245,7
07/15/2024,Kirsten Ruf,53.77766666666667,7
07/15/2024,Catarina Albuquerque,51.281000000000006,7
07/15/2024,Jessica Molina,49.525,7
07/15/2024,Lauren Pickup,54.10066666666666,7
07/15/2024,Kenna Sanders,38.19,7
07/15/2024,Dayo Tennyson,52.73866666666667,7
07/15/2024,Allison Padron,44.18075,7
07/15/2024,Gabriela Quintero,43.487,7
07/15/2024,Camille Quarterman,57.57833333333334,7
07/22/2024,Kat Lazor,58.58033333333333,8
07/22/2024,Jules Johnston,51.637,8
07/22/2024,Mia Brumlow,44.901,8
07/22/2024,Lauren Pickup,52.643,8
07/22/2024,Gabriela Quintero,43.648,8
07/22/2024,Mariana Elizondo,46.30633333333333,8
07/22/2024,Allison Padron,46.10833333333333,8
07/22/2024,Kenna Sanders,36.778333333333336,8
07/22/2024,Dayo Tennyson,51.287,8
07/22/2024,Allie Love,44.04366666666667,8
07/22/2024,Camille Quarterman,58.209666666666664,8
07/22/2024,Faith Hutchins,46.79966666666667,8
07/30/2024,Naija Bruckner,51.24533333333333,9
07/30/2024,Faith Hutchins,51.405,9
07/30/2024,Catarina Albuquerque,49.995000000000005,9
07/30/2024,Isabelle Kent,48.95366666666666,9
07/30/2024,Dayo Tennyson,52.005,9
07/30/2024,Lilly Reuscher,47.1485,9
07/30/2024,Jordyn Mariam,51.02333333333333,9
07/30/2024,Bailey Peek,52.588,9
07/30/2024,Betty Velkova,44.62033333333333,9
07/30/2024,Kallie McKinney,45.64,9
07/30/2024,Natalie Gorji,47.751,9
07/30/2024,Mikala Furuto,50.044,9
07/30/2024,Natalie Diaz,42.19733333333333,9
07/30/2024,Kat Lazor,55.58533333333333,9
07/30/2024,Taylor Rish,53.95633333333333,9
07/30/2024,Allison Padron,49.038,9
07/30/2024,Kenna Sanders,38.025666666666666,9
07/30/2024,Jules Johnston,47.226,9
07/30/2024,Jessica Molina,53.911,9
07/30/2024,Mariana Elizondo,49.843,9
07/30/2024,Lauren Pickup,56.10633333333334,9
07/30/2024,Mia Brumlow,44.742333333333335,9
07/30/2024,Piper Biziorek,38.13033333333333,9
07/30/2024,Kirsten Ruf,53.69233333333333,9
07/30/2024,Carsyn Martz,59.357,9
07/30/2024,Gabriela Quintero,47.042,9
07/30/2024,Camille Quarterman,58.666333333333334,9
07/30/2024,Allie Love,45.12766666666667,9
07/30/2024,Sophie Zhang,52.33866666666666,9
08/03/2024,Kat Lazor,54.8735,9
08/03/2024,Mariana Elizondo,49.46333333333333,9
08/03/2024,Natalie Diaz,40.64366666666667,9
08/03/2024,Gabriela Quintero,44.1615,9
08/03/2024,Catarina Albuquerque,50.11633333333333,9
08/03/2024,Isabelle Kent,49.095,9
08/03/2024,Mia Brumlow,45.852666666666664,9
08/03/2024,Jordyn Mariam,48.63133333333334,9
08/03/2024,Bailey Peek,54.619,9
08/03/2024,Kirsten Ruf,52.413,9
08/03/2024,Kenna Sanders,38.857,9
08/03/2024,Allison Padron,49.9665,9
08/03/2024,Lilly Reuscher,47.71366666666666,9
08/03/2024,Dayo Tennyson,51.364666666666665,9
08/03/2024,Camille Quarterman,55.85933333333333,9
08/03/2024,Megan Sweeney,46.74066666666667,9
08/03/2024,Allie Love,47.10766666666667,9
08/03/2024,Faith Hutchins,47.959333333333326,9
08/03/2024,Natalie Gorji,51.185,9
08/03/2024,Mikala Furuto,50.56366666666667,9
08/03/2024,Kallie McKinney,42.739,9
08/03/2024,Claire Tracy,37.3305,9
08/03/2024,Lauren Pickup,53.27766666666667,9
08/03/2024,Jessica Molina,52.788333333333334,9
08/03/2024,Carsyn Martz,56.8125,9
08/03/2024,Jules Johnston,46.769499999999994,9
08/03/2024,Sophie Zhang,51.851333333333336,9
08/03/2024,Naija Bruckner,50.95,9
08/03/2024,Betty Velkova,43.8355,9
08/03/2024,Piper Biziorek,38.5835,9
08/03/2024,Taylor Rish,53.87533333333334,9
08/10/2024,Isabelle Kent,45.849333333333334,10
08/10/2024,Catarina Albuquerque,48.279,10
08/10/2024,Lilly Reuscher,49.121,10
08/10/2024,Faith Hutchins,45.413999999999994,10
08/10/2024,Natalie Diaz,40.534499999999994,10
08/10/2024,Dayo Tennyson,55.14166666666667,10
08/10/2024,Natalie Gorji,49.677499999999995,10
08/10/2024,Mikala Furuto,49.973,10
08/10/2024,Kirsten Ruf,52.414,10
08/10/2024,Naija Bruckner,49.405,10
08/10/2024,Kallie McKinney,45.208,10
08/10/2024,Jessica Molina,49.469,10
08/10/2024,Carsyn Martz,63.012,10
08/10/2024,Piper Biziorek,35.29366666666667,10
08/10/2024,Mariana Elizondo,49.04,10
08/10/2024,Gabriela Quintero,42.711333333333336,10
08/10/2024,Kat Lazor,53.27166666666667,10
08/10/2024,Bailey Peek,48.34466666666666,10
08/10/2024,Jordyn Mariam,48.535333333333334,10
08/10/2024,Allie Love,47.137,10
08/10/2024,Lauren Pickup,53.962,10
08/10/2024,Sophie Zhang,48.763,10
08/10/2024,Betty Velkova,41.217,10
08/10/2024,Camille Quarterman,54.549,10
08/10/2024,Kenna Sanders,43.3305,10
08/10/2024,Jules Johnston,50.66833333333333,10
08/10/2024,Taylor Rish,51.4075,10
08/10/2024,Mia Brumlow,45.535,10
08/10/2024,Claire Tracy,39.693000000000005,10
08/12/2024,Isabelle Kent,48.464,11
08/12/2024,Betty Velkova,42.60933333333333,11
08/12/2024,Piper Biziorek,33.571,11
08/12/2024,Claire Tracy,31.2875,11
08/12/2024,Claire Tracy,37.346,11
08/12/2024,Jessica Molina,50.737,11
08/12/2024,Bailey Peek,53.961333333333336,11
08/15/2024,Taylor Rish,53.44,11
08/15/2024,Lilly Reuscher,49.97333333333333,11
08/15/2024,Kenna Sanders,46.815666666666665,11
08/15/2024,Natalie Gorji,52.394000000000005,11
08/15/2024,Gabriela Quintero,48.56933333333333,11
08/15/2024,Naija Bruckner,57.42633333333333,11
08/15/2024,Bailey Peek,54.98066666666667,11
08/15/2024,Mariana Elizondo,52.73,11
08/15/2024,Betty Velkova,46.328333333333326,11
08/15/2024,Kat Lazor,57.55666666666667,11
08/15/2024,Allison Padron,52.68133333333333,11
08/15/2024,Lauren Pickup,55.964,11
08/15/2024,Mia Brumlow,54.28266666666667,11
08/15/2024,Kirsten Ruf,59.041333333333334,11
08/15/2024,Mikala Furuto,55.26733333333333,11
08/15/2024,Faith Hutchins,55.2705,11
08/15/2024,Jules Johnston,58.86533333333333,11
08/15/2024,Sophie Zhang,52.59633333333333,11
08/15/2024,Carsyn Martz,66.48166666666667,11
08/15/2024,Camille Quarterman,57.529,11
08/15/2024,Dayo Tennyson,57.77066666666667,11
08/15/2024,Claire Tracy,39.1685,11
08/15/2024,Allie Love,46.2785,11
08/15/2024,Kallie McKinney,52.29466666666667,11
08/15/2024,Jordyn Mariam,49.21866666666667,11
08/15/2024,Jessica Molina,58.315666666666665,11
08/15/2024,Catarina Albuquerque,52.15266666666667,11
08/15/2024,Piper Biziorek,36.038,11
08/18/2024,Jules Johnston,54.4315,11
08/18/2024,Jessica Molina,56.574,11
08/18/2024,Kenna Sanders,45.831999999999994,11
08/18/2024,Kat Lazor,53.965500000000006,11
08/18/2024,Allison Padron,48.4475,11
08/18/2024,Natalie Diaz,40.16166666666666,11
08/18/2024,Kallie McKinney,48.3745,11
08/18/2024,Bailey Peek,50.708,11
08/18/2024,Betty Velkova,43.60833333333333,11
08/18/2024,Megan Sweeney,41.776999999999994,11
08/18/2024,Allie Love,43.435,11
08/18/2024,Claire Tracy,40.1765,11
08/18/2024,Carsyn Martz,62.50533333333333,11
08/18/2024,Gabriela Quintero,45.33033333333333,11
08/18/2024,Mariana Elizondo,49.0215,11
08/18/2024,Sophie Zhang,50.67466666666667,11
08/18/2024,Naija Bruckner,54.359,11
08/18/2024,Faith Hutchins,52.07833333333334,11
08/18/2024,Faith Hutchins,51.194,11
08/18/2024,Lilly Reuscher,51.579,11
08/18/2024,Lauren Pickup,54.34366666666667,11
08/18/2024,Isabelle Kent,46.68833333333333,11
08/18/2024,Catarina Albuquerque,54.34633333333333,11
08/18/2024,Mia Brumlow,50.967666666666666,11
08/18/2024,Kirsten Ruf,54.2075,11
08/18/2024,Jordyn Mariam,48.097,11
08/18/2024,Dayo Tennyson,54.123333333333335,11
08/18/2024,Camille Quarterman,54.90566666666667,11
08/18/2024,Piper Biziorek,35.536500000000004,11
08/18/2024,Natalie Gorji,48.8805,11
08/18/2024,Mikala Furuto,47.229,11
08/20/2024,Naija Bruckner,83.748,12
08/20/2024,Bailey Peek,66.38733333333333,12
08/20/2024,Catarina Albuquerque,67.12533333333333,12
08/20/2024,Natalie Diaz,41.62733333333333,12
08/20/2024,Mariana Elizondo,50.986,12
08/20/2024,Betty Velkova,45.047333333333334,12
08/20/2024,Piper Biziorek,35.6405,12
08/20/2024,Jordyn Mariam,51.15033333333333,12
08/20/2024,Kallie McKinney,51.70466666666667,12
08/20/2024,Allie Love,47.2175,12
08/20/2024,Gabriela Quintero,45.983,12
08/20/2024,Sophie Zhang,51.6465,12
08/20/2024,Mikala Furuto,48.75299999999999,12
08/20/2024,Natalie Gorji,52.88066666666666,12
08/20/2024,Faith Hutchins,50.19133333333334,12
08/20/2024,Kenna Sanders,45.449666666666666,12
08/20/2024,Taylor Rish,50.704,12
08/20/2024,Megan Sweeney,42.58166666666667,12
08/20/2024,Jules Johnston,52.379999999999995,12
08/20/2024,Kat Lazor,52.98833333333334,12
08/20/2024,Lilly Reuscher,49.75066666666667,12
08/20/2024,Claire Tracy,39.272,12
08/20/2024,Camille Quarterman,53.333666666666666,12
08/20/2024,Dayo Tennyson,54.135333333333335,12
08/20/2024,Jessica Molina,55.335,12
08/20/2024,Carsyn Martz,62.443,12
08/25/2024,Mia Brumlow,51.004,12
08/25/2024,Claire Tracy,41.05566666666667,12
08/25/2024,Catarina Albuquerque,56.39666666666667,12
08/25/2024,Taylor Rish,52.026999999999994,12
08/25/2024,Kat Lazor,51.879,12
08/25/2024,Faith Hutchins,48.38033333333334,12
08/25/2024,Carsyn Martz,60.31333333333333,12
08/25/2024,Kenna Sanders,44.05166666666667,12
08/25/2024,Allison Padron,48.24966666666666,12
08/25/2024,Naija Bruckner,57.90266666666667,12
08/25/2024,Jordyn Mariam,49.60033333333333,12
08/25/2024,Sophie Zhang,51.907999999999994,12
08/25/2024,Kirsten Ruf,56.24533333333333,12
08/25/2024,Betty Velkova,46.15766666666667,12
08/25/2024,Isabelle Kent,47.483666666666664,12
08/25/2024,Jules Johnston,55.377,12
08/25/2024,Jessica Molina,54.16,12
08/25/2024,Lauren Pickup,53.540333333333336,12
08/25/2024,Kallie McKinney,51.196,12
08/25/2024,Natalie Diaz,42.586000000000006,12
08/25/2024,Gabriela Quintero,46.61533333333333,12
08/25/2024,Mariana Elizondo,51.278,12
08/25/2024,Bailey Peek,53.20466666666667,12
08/25/2024,Allie Love,43.60333333333333,12
08/25/2024,Mikala Furuto,48.163333333333334,12
08/25/2024,Megan Sweeney,44.375,12
08/25/2024,Camille Quarterman,56.08766666666667,12
08/25/2024,Dayo Tennyson,55.748333333333335,12
08/25/2024,Piper Biziorek,41.33566666666667,12
08/27/2024,Jessica Molina,62.94766666666666,13
08/27/2024,Jules Johnston,61.26533333333333,13
08/27/2024,Kirsten Ruf,63.19766666666666,13
08/27/2024,Faith Hutchins,53.095,13
08/27/2024,Lauren Pickup,58.562000000000005,13
08/27/2024,Catarina Albuquerque,58.01833333333334,13
08/27/2024,Gabriela Quintero,47.39266666666666,13
08/27/2024,Kallie McKinney,56.377,13
08/27/2024,Bailey Peek,58.17166666666666,13
08/27/2024,Naija Bruckner,64.33033333333333,13
08/27/2024,Kat Lazor,57.06833333333333,13
08/27/2024,Lilly Reuscher,51.88399999999999,13
08/27/2024,Isabelle Kent,50.10466666666667,13
08/27/2024,Natalie Diaz,46.790666666666674,13
08/27/2024,Mariana Elizondo,52.635333333333335,13
08/27/2024,Allie Love,49.910666666666664,13
08/27/2024,Megan Sweeney,47.446,13
08/27/2024,Dayo Tennyson,62.04833333333334,13
08/27/2024,Camille Quarterman,59.94266666666667,13
08/27/2024,Sophie Zhang,54.564666666666675,13
08/27/2024,Taylor Rish,53.83566666666667,13
08/27/2024,Mia Brumlow,56.986,13
08/27/2024,Betty Velkova,49.37633333333334,13
08/27/2024,Claire Tracy,45.36666666666667,13
08/27/2024,Piper Biziorek,35.57033333333333,13
08/27/2024,Jordyn Mariam,50.370000000000005,13
08/27/2024,Natalie Gorji,50.92366666666666,13
08/27/2024,Mikala Furuto,48.01733333333333,13
08/27/2024,Carsyn Martz,65.21733333333333,13
08/27/2024,Allison Padron,52.50366666666667,13
08/27/2024,Kenna Sanders,47.192,13
08/29/2024,Natalie Gorji,55.443666666666665,13
08/29/2024,Taylor Rish,51.35566666666667,13
08/29/2024,Kat Lazor,53.65,13
08/29/2024,Allison Padron,50.105333333333334,13
08/29/2024,Natalie Diaz,42.83033333333333,13
08/29/2024,Naija Bruckner,62.34966666666667,13
08/29/2024,Bailey Peek,51.23766666666666,13
08/29/2024,Lilly Reuscher,51.856,13
08/29/2024,Jessica Molina,55.44566666666666,13
08/29/2024,Jules Johnston,58.84433333333334,13
08/29/2024,Carsyn Martz,65.247,13
08/29/2024,Jordyn Mariam,50.44466666666667,13
08/29/2024,Kirsten Ruf,60.742999999999995,13
08/29/2024,Mia Brumlow,55.666666666666664,13
08/29/2024,Megan Sweeney,44.89366666666666,13
08/29/2024,Camille Quarterman,54.55066666666667,13
08/29/2024,Dayo Tennyson,58.07866666666666,13
08/29/2024,Mikala Furuto,51.13933333333333,13
08/29/2024,Gabriela Quintero,45.97466666666667,13
08/29/2024,Kallie McKinney,51.073,13
08/29/2024,Sophie Zhang,53.066,13
08/29/2024,Lauren Pickup,54.38233333333333,13
08/29/2024,Catarina Albuquerque,56.623333333333335,13
08/29/2024,Isabelle Kent,49.51766666666666,13
08/29/2024,Faith Hutchins,49.321,13
08/29/2024,Kenna Sanders,41.15866666666667,13
08/29/2024,Mariana Elizondo,52.49100000000001,13
08/29/2024,Piper Biziorek,34.72733333333333,13
08/29/2024,Claire Tracy,37.925333333333334,13
08/29/2024,Allie Love,44.727,13
09/01/2024,Allie Love,45.53733333333333,13
09/01/2024,Kenna Sanders,44.338,13
09/01/2024,Lilly Reuscher,50.173,13
09/01/2024,Kat Lazor,53.68166666666667,13
09/01/2024,Allison Padron,45.440333333333335,13
09/01/2024,Natalie Diaz,45.644666666666666,13
09/01/2024,Lauren Pickup,55.06733333333333,13
09/01/2024,Jordyn Mariam,51.78066666666666,13
09/01/2024,Piper Biziorek,35.939,13
09/01/2024,Claire Tracy,41.221666666666664,13
09/01/2024,Naija Bruckner,58.48833333333334,13
09/01/2024,Bailey Peek,51.06133333333333,13
09/01/2024,Taylor Rish,45.976333333333336,13
09/01/2024,Sophie Zhang,53.885,13
09/01/2024,Mia Brumlow,51.88833333333333,13
09/01/2024,Kirsten Ruf,54.89966666666667,13
09/01/2024,Gabriela Quintero,46.340666666666664,13
09/01/2024,Megan Sweeney,44.965666666666664,13
09/01/2024,Carsyn Martz,61.34633333333334,13
09/01/2024,Jessica Molina,57.91266666666667,13
09/01/2024,Jules Johnston,52.967000000000006,13
09/01/2024,Betty Velkova,46.52466666666667,13
09/01/2024,Dayo Tennyson,59.665666666666674,13
09/01/2024,Camille Quarterman,54.68033333333333,13
09/01/2024,Catarina Albuquerque,53.338,13
09/01/2024,Isabelle Kent,49.30833333333334,13
09/01/2024,Faith Hutchins,49.025,13
09/01/2024,Mikala Furuto,49.035666666666664,13
09/01/2024,Kallie McKinney,48.46,13
09/01/2024,Mariana Elizondo,49.778333333333336,13
09/03/2024,Kat Lazor,51.78333333333333,14
09/03/2024,Carsyn Martz,61.74033333333333,14
09/03/2024,Kallie McKinney,52.231,14
09/03/2024,Jules Johnston,53.749,14
09/03/2024,Allie Love,45.85566666666667,14
09/03/2024,Naija Bruckner,63.31366666666668,14
09/03/2024,Catarina Albuquerque,53.994,14
09/03/2024,Faith Hutchins,49.745000000000005,14
09/03/2024,Sophie Zhang,51.37433333333333,14
09/03/2024,Mariana Elizondo,52.49266666666667,14
09/03/2024,Natalie Diaz,45.40366666666667,14
09/03/2024,Megan Sweeney,45.794,14
09/03/2024,Bailey Peek,49.25566666666666,14
09/03/2024,Allison Padron,53.584333333333326,14
09/03/2024,Gabriela Quintero,45.675,14
09/03/2024,Piper Biziorek,38.58733333333333,14
09/03/2024,Lauren Pickup,54.47266666666667,14
09/03/2024,Jessica Molina,57.281666666666666,14
09/03/2024,Taylor Rish,49.693000000000005,14
09/03/2024,Natalie Gorji,56.762,14
09/03/2024,Lilly Reuscher,56.107,14
09/03/2024,Claire Tracy,45.962,14
09/03/2024,Dayo Tennyson,61.71733333333333,14
09/03/2024,Kenna Sanders,46.169,14
09/03/2024,Mia Brumlow,52.22133333333333,14
09/03/2024,Betty Velkova,50.604666666666674,14
09/03/2024,Isabelle Kent,49.63633333333333,14
09/03/2024,Kirsten Ruf,59.891333333333336,14
09/03/2024,Jordyn Mariam,53.762,14
09/03/2024,Camille Quarterman,53.65333333333333,14
09/05/2024,Lilly Reuscher,55.90966666666666,14
09/05/2024,Kat Lazor,54.382000000000005,14
09/05/2024,Allie Love,43.907333333333334,14
09/05/2024,Piper Biziorek,39.738,14
09/05/2024,Naija Bruckner,61.473000000000006,14
09/05/2024,Bailey Peek,55.499,14
09/05/2024,Allison Padron,51.024,14
09/05/2024,Kenna Sanders,44.62466666666666,14
09/05/2024,Taylor Rish,48.511,14
09/05/2024,Lauren Pickup,56.87466666666666,14
09/05/2024,Mikala Furuto,53.452,14
09/05/2024,Jordyn Mariam,52.56666666666666,14
09/05/2024,Sophie Zhang,53.273,14
09/05/2024,Betty Velkova,49.041,14
09/05/2024,Natalie Diaz,45.091,14
09/05/2024,Mia Brumlow,53.61433333333334,14
09/05/2024,Kirsten Ruf,60.429,14
09/05/2024,Faith Hutchins,52.15366666666667,14
09/05/2024,Natalie Gorji,55.358,14
09/05/2024,Isabelle Kent,47.605,14
09/05/2024,Catarina Albuquerque,55.30766666666667,14
09/05/2024,Camille Quarterman,56.815,14
09/05/2024,Dayo Tennyson,60.059666666666665,14
09/05/2024,Gabriela Quintero,45.417,14
09/05/2024,Megan Sweeney,48.026666666666664,14
09/05/2024,Mariana Elizondo,52.410333333333334,14
09/05/2024,Kallie McKinney,48.0075,14
09/05/2024,Jessica Molina,56.57,14
09/05/2024,Carsyn Martz,64.24266666666666,14
09/05/2024,Jules Johnston,55.535,14
09/05/2024,Claire Tracy,42.12166666666667,14
09/08/2024,Lilly Reuscher,55.401999999999994,14
09/08/2024,Taylor Rish,54.61833333333333,14
09/08/2024,Kirsten Ruf,61.802666666666674,14
09/08/2024,Mariana Elizondo,55.451,14
09/08/2024,Gabriela Quintero,47.61033333333334,14
09/08/2024,Mikala Furuto,58.25566666666666,14
09/08/2024,Natalie Gorji,61.909,14
09/08/2024,Faith Hutchins,52.810333333333325,14
09/08/2024,Catarina Albuquerque,58.681666666666665,14
09/08/2024,Isabelle Kent,51.17366666666667,14
09/08/2024,Allie Love,47.114,14
09/08/2024,Kallie McKinney,49.498,14
09/08/2024,Natalie Diaz,48.002,14
09/08/2024,Megan Sweeney,47.398666666666664,14
09/08/2024,Naija Bruckner,65.001,14
09/08/2024,Bailey Peek,55.64066666666667,14
09/08/2024,Kat Lazor,54.99966666666666,14
09/08/2024,Sophie Zhang,54.31966666666667,14
09/08/2024,Jordyn Mariam,53.300666666666665,14
09/08/2024,Jules Johnston,59.61966666666666,14
09/08/2024,Jessica Molina,57.2875,14
09/08/2024,Mia Brumlow,50.77133333333333,14
09/08/2024,Betty Velkova,49.98866666666667,14
09/08/2024,Piper Biziorek,43.2915,14
09/08/2024,Allison Padron,49.751,14
09/08/2024,Dayo Tennyson,67.45833333333333,14
09/08/2024,Camille Quarterman,59.824333333333335,14
09/08/2024,Lauren Pickup,54.80466666666666,14
09/08/2024,Carsyn Martz,64.30233333333332,14
09/10/2024,Sophie Zhang,53.66866666666667,15
09/10/2024,Mariana Elizondo,53.59,15
09/10/2024,Carsyn Martz,62.24633333333333,15
09/10/2024,Allie Love,46.97666666666667,15
09/10/2024,Jessica Molina,59.17033333333333,15
09/10/2024,Jules Johnston,57.52333333333333,15
09/10/2024,Lilly Reuscher,59.56033333333334,15
09/10/2024,Kallie McKinney,60.17366666666667,15
09/10/2024,Kat Lazor,53.791666666666664,15
09/10/2024,Megan Sweeney,49.448,15
09/10/2024,Camille Quarterman,52.71666666666667,15
09/10/2024,Lauren Pickup,56.562333333333335,15
09/10/2024,Dayo Tennyson,62.98666666666667,15
09/10/2024,Naija Bruckner,71.08366666666667,15
09/10/2024,Bailey Peek,55.71533333333334,15
09/10/2024,Taylor Rish,58.32566666666667,15
09/10/2024,Catarina Albuquerque,58.51333333333333,15
09/10/2024,Gabriela Quintero,47.859,15
09/10/2024,Faith Hutchins,48.501666666666665,15
09/10/2024,Piper Biziorek,41.471,15
09/10/2024,Kirsten Ruf,63.18233333333333,15
09/10/2024,Jordyn Mariam,54.421,15
09/10/2024,Isabelle Kent,50.098333333333336,15
09/10/2024,Betty Velkova,50.891333333333336,15
09/10/2024,Mia Brumlow,53.93633333333333,15
09/12/2024,Faith Hutchins,49.59033333333333,15
09/12/2024,Isabelle Kent,48.687333333333335,15
09/12/2024,Jules Johnston,57.98533333333333,15
09/12/2024,Carsyn Martz,68.96266666666666,15
09/12/2024,Jessica Molina,58.47466666666667,15
09/12/2024,Gabriela Quintero,44.69866666666667,15
09/12/2024,Taylor Rish,55.659333333333336,15
09/12/2024,Natalie Gorji,57.60333333333333,15
09/12/2024,Mikala Furuto,55.834666666666664,15
09/12/2024,Lilly Reuscher,57.014,15
09/12/2024,Kat Lazor,54.88033333333333,15
09/12/2024,Megan Sweeney,47.64166666666667,15
09/12/2024,Dayo Tennyson,60.65833333333333,15
09/12/2024,Naija Bruckner,64.98566666666666,15
09/12/2024,Bailey Peek,57.638,15
09/12/2024,Natalie Diaz,44.32333333333333,15
09/12/2024,Allison Padron,48.440999999999995,15
09/12/2024,Claire Tracy,42.961000000000006,15
09/12/2024,Jordyn Mariam,50.184666666666665,15
09/12/2024,Betty Velkova,50.392,15
09/12/2024,Mia Brumlow,53.80533333333333,15
09/12/2024,Kirsten Ruf,58.596666666666664,15
09/12/2024,Camille Quarterman,56.986333333333334,15
09/12/2024,Allie Love,52.441,15
09/12/2024,Sophie Zhang,51.93033333333333,15
09/12/2024,Catarina Albuquerque,57.95,15
09/12/2024,Lauren Pickup,55.41133333333334,15
09/12/2024,Piper Biziorek,40.56966666666667,15
09/12/2024,Kenna Sanders,46.72233333333333,15
09/12/2024,Kallie McKinney,57.68366666666666,15
09/12/2024,Mariana Elizondo,52.5815,15
09/17/2024,Lilly Reuscher,61.42033333333333,16
09/17/2024,Mariana Elizondo,54.37466666666666,16
09/17/2024,Natalie Diaz,48.768,16
09/17/2024,Dayo Tennyson,69.21533333333333,16
09/17/2024,Camille Quarterman,58.35733333333334,16
09/17/2024,Allie Love,51.25899999999999,16
09/17/2024,Claire Tracy,47.190333333333335,16
09/17/2024,Allison Padron,51.49699999999999,16
09/17/2024,Jessica Molina,62.67033333333333,16
09/17/2024,Sophie Zhang,53.835,16
09/17/2024,Faith Hutchins,45.25899999999999,16
09/17/2024,Naija Bruckner,62.720666666666666,16
09/17/2024,Kallie McKinney,54.3595,16
09/17/2024,Jules Johnston,64.39999999999999,16
09/17/2024,Carsyn Martz,65.62666666666667,16
09/17/2024,Megan Sweeney,46.50566666666666,16
09/17/2024,Bailey Peek,58.05533333333333,16
09/17/2024,Lauren Pickup,52.84033333333334,16
09/17/2024,Catarina Albuquerque,60.83733333333333,16
09/17/2024,Taylor Rish,58.74666666666667,16
09/17/2024,Natalie Gorji,58.33133333333333,16
09/17/2024,Piper Biziorek,48.564,16
09/17/2024,Kenna Sanders,47.605999999999995,16
09/17/2024,Mikala Furuto,51.73566666666667,16
09/17/2024,Kat Lazor,55.169,16
09/17/2024,Kirsten Ruf,59.309333333333335,16
09/17/2024,Isabelle Kent,47.626666666666665,16
09/17/2024,Jordyn Mariam,56.75833333333333,16
09/17/2024,Mia Brumlow,53.609,16
09/17/2024,Betty Velkova,47.26333333333334,16
09/26/2024,Lilly Reuscher,58.42133333333334,17
09/26/2024,Isabelle Kent,48.26233333333334,17
09/26/2024,Natalie Gorji,50.48133333333333,17
09/26/2024,Mia Brumlow,52.74866666666666,17
09/26/2024,Betty Velkova,49.80866666666666,17
09/26/2024,Jessica Molina,60.51866666666666,17
09/26/2024,Lauren Pickup,55.802666666666674,17
09/26/2024,Jules Johnston,58.65233333333333,17
09/26/2024,Faith Hutchins,54.6305,17
09/26/2024,Catarina Albuquerque,54.484,17
09/26/2024,Allison Padron,52.316,17
09/26/2024,Kallie McKinney,54.93933333333333,17
09/26/2024,Kirsten Ruf,60.23466666666667,17
09/26/2024,Natalie Diaz,46.554,17
09/26/2024,Taylor Rish,56.38333333333333,17
09/26/2024,Claire Tracy,45.61833333333333,17
09/26/2024,Mikala Furuto,55.095333333333336,17
09/26/2024,Naija Bruckner,60.84799999999999,17
09/26/2024,Megan Sweeney,50.39833333333333,17
09/26/2024,Dayo Tennyson,68.427,17
09/26/2024,Camille Quarterman,61.572333333333326,17
09/26/2024,Kat Lazor,56.20566666666667,17
09/26/2024,Bailey Peek,53.14966666666667,17
09/26/2024,Allie Love,52.43666666666667,17
09/26/2024,Piper Biziorek,44.43933333333333,17
09/26/2024,Sophie Zhang,53.468,17
09/26/2024,Jordyn Mariam,54.736,17
09/26/2024,Carsyn Martz,67.82433333333334,17
09/26/2024,Gabriela Quintero,46.73733333333333,17
09/26/2024,Mariana Elizondo,55.598333333333336,17
09/26/2024,Kenna Sanders,47.63933333333333,17
09/28/2024,Sophie Zhang,55.08133333333333,17
09/28/2024,Dayo Tennyson,65.591,17
09/28/2024,Kallie McKinney,56.7185,17
09/28/2024,Faith Hutchins,54.26433333333333,17
09/28/2024,Allie Love,50.6315,17
09/28/2024,Camille Quarterman,63.5065,17
09/28/2024,Naija Bruckner,63.49166666666667,17
09/28/2024,Mikala Furuto,54.11566666666667,17
09/28/2024,Kat Lazor,53.02133333333333,17
09/28/2024,Lilly Reuscher,60.029333333333334,17
09/28/2024,Jules Johnston,58.651,17
09/28/2024,Lauren Pickup,52.540333333333336,17
09/28/2024,Taylor Rish,49.276999999999994,17
09/28/2024,Catarina Albuquerque,54.93033333333333,17
09/28/2024,Carsyn Martz,68.76933333333334,17
10/01/2024,Faith Hutchins,56.32366666666667,18
10/01/2024,Kat Lazor,57.70366666666666,18
10/01/2024,Mariana Elizondo,57.35,18
10/01/2024,Sophie Zhang,56.01066666666667,18
10/01/2024,Allison Padron,53.52333333333333,18
10/01/2024,Natalie Diaz,45.092000000000006,18
10/01/2024,Jules Johnston,54.881,18
10/01/2024,Naija Bruckner,64.74866666666667,18
10/01/2024,Jessica Molina,59.145,18
10/01/2024,Claire Tracy,44.851333333333336,18
10/01/2024,Kallie McKinney,54.97666666666667,18
10/01/2024,Bailey Peek,51.296,18
10/01/2024,Gabriela Quintero,46.678666666666665,18
10/01/2024,Catarina Albuquerque,56.77,18
10/01/2024,Megan Sweeney,48.779,18
10/01/2024,Taylor Rish,58.744,18
10/01/2024,Carsyn Martz,63.846666666666664,18
10/01/2024,Allie Love,53.62533333333334,18
10/01/2024,Dayo Tennyson,70.07533333333333,18
10/01/2024,Camille Quarterman,56.519000000000005,18
10/01/2024,Piper Biziorek,44.77066666666667,18
10/01/2024,Natalie Gorji,52.5055,18
10/01/2024,Kenna Sanders,45.63633333333333,18
10/01/2024,Mia Brumlow,48.746,18
10/01/2024,Betty Velkova,43.27700000000001,18
10/01/2024,Isabelle Kent,47.419,18
10/01/2024,Kirsten Ruf,63.464,18
10/03/2024,Jordyn Mariam,56.42966666666666,18
10/03/2024,Jessica Molina,56.96866666666667,18
10/03/2024,Carsyn Martz,70.264,18
10/03/2024,Jules Johnston,56.86833333333334,18
10/03/2024,Natalie Gorji,55.34133333333333,18
10/03/2024,Mikala Furuto,53.842000000000006,18
10/03/2024,Faith Hutchins,57.565,18
10/03/2024,Allison Padron,53.770999999999994,18
10/03/2024,Camille Quarterman,59.980333333333334,18
10/03/2024,Naija Bruckner,59.782333333333334,18
10/03/2024,Natalie Diaz,46.245000000000005,18
10/03/2024,Mia Brumlow,49.22466666666667,18
10/03/2024,Betty Velkova,46.59033333333334,18
10/03/2024,Taylor Rish,56.37533333333334,18
10/03/2024,Catarina Albuquerque,57.047333333333334,18
10/03/2024,Kat Lazor,53.169,18
10/03/2024,Lilly Reuscher,59.151,18
10/03/2024,Dayo Tennyson,65.61166666666666,18
10/03/2024,Megan Sweeney,51.20766666666666,18
10/03/2024,Sophie Zhang,56.844,18
10/03/2024,Kirsten Ruf,63.095,18
10/03/2024,Claire Tracy,45.022,18
10/03/2024,Kallie McKinney,52.2785,18
10/03/2024,Bailey Peek,55.32933333333333,18
10/03/2024,Gabriela Quintero,49.644000000000005,18
10/03/2024,Piper Biziorek,43.76733333333333,18
10/03/2024,Kenna Sanders,50.67033333333333,18
10/03/2024,Mariana Elizondo,53.756,18
10/13/2024,Lilly Reuscher,59.440333333333335,19
10/13/2024,Kat Lazor,53.94133333333334,19
10/13/2024,Dayo Tennyson,68.63233333333334,19
10/13/2024,Megan Sweeney,48.209,19
10/13/2024,Claire Tracy,42.339333333333336,19
10/13/2024,Kirsten Ruf,58.010333333333335,19
10/13/2024,Allie Love,52.14266666666666,19
10/13/2024,Camille Quarterman,55.84433333333333,19
10/13/2024,Natalie Diaz,41.687000000000005,19
10/13/2024,Naija Bruckner,67.79133333333334,19
10/13/2024,Bailey Peek,54.47466666666667,19
10/13/2024,Mariana Elizondo,53.74866666666667,19
10/13/2024,Kallie McKinney,50.863,19
10/13/2024,Jules Johnston,55.225,19
10/13/2024,Catarina Albuquerque,54.274,19
10/13/2024,Taylor Rish,47.971,19
10/13/2024,Kenna Sanders,43.885333333333335,19
10/13/2024,Carsyn Martz,63.33866666666666,19
10/13/2024,Natalie Gorji,51.33166666666667,19
10/13/2024,Mikala Furuto,54.050999999999995,19
10/13/2024,Piper Biziorek,43.392,19
10/13/2024,Sophie Zhang,57.30833333333334,19
10/13/2024,Jordyn Mariam,52.701,19
10/13/2024,Betty Velkova,44.064,19
10/13/2024,Mia Brumlow,50.020999999999994,19
10/13/2024,Gabriela Quintero,46.1525,19
10/13/2024,Faith Hutchins,54.046,19
10/13/2024,Jessica Molina,58.129,19
10/23/2024,Megan Sweeney,48.79266666666666,21
10/23/2024,Natalie Diaz,44.681666666666665,21
10/23/2024,Naija Bruckner,66.4195,21
10/23/2024,Bailey Peek,55.64366666666666,21
10/23/2024,Taylor Rish,53.345,21
10/23/2024,Lauren Pickup,51.86433333333333,21
10/23/2024,Allison Padron,48.36033333333333,21
10/23/2024,Jordyn Mariam,55.19433333333333,21
10/23/2024,Carsyn Martz,61.6335,21
10/23/2024,Sophie Zhang,55.976,21
10/23/2024,Jules Johnston,56.5965,21
10/23/2024,Faith Hutchins,57.013,21
10/23/2024,Kat Lazor,54.35366666666667,21
10/23/2024,Natalie Gorji,54.8015,21
10/23/2024,Catarina Albuquerque,57.68233333333333,21
10/23/2024,Jessica Molina,57.666,21
10/23/2024,Kirsten Ruf,57.55833333333334,21
10/23/2024,Mia Brumlow,50.80133333333333,21
10/23/2024,Betty Velkova,41.23833333333334,21
10/23/2024,Allie Love,55.135,21
10/23/2024,Dayo Tennyson,66.811,21
10/23/2024,Camille Quarterman,62.0855,21
10/23/2024,Lilly Reuscher,61.639,21
10/23/2024,Piper Biziorek,48.185,21
10/23/2024,Mariana Elizondo,51.696333333333335,21
10/23/2024,Kallie McKinney,53.29333333333333,21
10/27/2024,Lilly Reuscher,57.4525,21
10/27/2024,Megan Sweeney,46.824333333333335,21
10/27/2024,Kirsten Ruf,56.816,21
10/27/2024,Mia Brumlow,52.480500000000006,21
10/27/2024,Dayo Tennyson,65.7495,21
10/27/2024,Carsyn Martz,65.58633333333334,21
10/27/2024,Catarina Albuquerque,57.556999999999995,21
10/27/2024,Naija Bruckner,69.861,21
10/27/2024,Bailey Peek,54.311,21
10/27/2024,Jessica Molina,55.811,21
10/27/2024,Allie Love,53.323,21
10/27/2024,Claire Tracy,42.745000000000005,21
10/27/2024,Jules Johnston,56.07033333333334,21
10/27/2024,Kenna Sanders,41.843333333333334,21
10/27/2024,Kat Lazor,53.03033333333334,21
10/27/2024,Sophie Zhang,56.553333333333335,21
10/27/2024,Jordyn Mariam,55.357,21
10/27/2024,Taylor Rish,54.7505,21
10/27/2024,Natalie Gorji,52.773,21
10/27/2024,Mikala Furuto,53.17466666666667,21
10/27/2024,Lauren Pickup,51.970333333333336,21
10/27/2024,Natalie Diaz,44.784,21
10/27/2024,Gabriela Quintero,48.23766666666666,21
10/27/2024,Mariana Elizondo,53.15233333333333,21
10/27/2024,Allison Padron,49.99533333333333,21
10/27/2024,Betty Velkova,43.560333333333325,21
10/27/2024,Piper Biziorek,47.09166666666666,21
10/27/2024,Faith Hutchins,55.008,21
10/27/2024,Kallie McKinney,53.184,21
10/27/2024,Camille Quarterman,58.095666666666666,21
10/30/2024,Megan Sweeney,45.829,22
10/30/2024,Gabriela Quintero,50.831,22
10/30/2024,Mia Brumlow,49.06766666666667,22
10/30/2024,Mikala Furuto,51.717666666666666,22
10/30/2024,Kirsten Ruf,57.40633333333333,22
10/30/2024,Natalie Gorji,56.013666666666666,22
10/30/2024,Faith Hutchins,53.487,22
10/30/2024,Catarina Albuquerque,59.923,22
10/30/2024,Jules Johnston,55.968,22
10/30/2024,Allie Love,51.605333333333334,22
10/30/2024,Mariana Elizondo,51.1535,22
10/30/2024,Carsyn Martz,64.65933333333334,22
10/30/2024,Lauren Pickup,52.7355,22
10/30/2024,Kenna Sanders,42.221,22
10/30/2024,Jordyn Mariam,54.38966666666666,22
10/30/2024,Kallie McKinney,55.45666666666667,22
10/30/2024,Kat Lazor,52.66,22
10/30/2024,Sophie Zhang,57.43633333333333,22
10/30/2024,Lilly Reuscher,59.947,22
10/30/2024,Naija Bruckner,70.02,22
10/30/2024,Dayo Tennyson,67.17766666666667,22
10/30/2024,Camille Quarterman,55.548,22
10/30/2024,Taylor Rish,51.6795,22
10/30/2024,Camille Quarterman,60.60766666666667,22
10/30/2024,Piper Biziorek,49.835,22
10/30/2024,Allison Padron,51.6035,22
11/12/2024,Naija Bruckner,55.4045,24
11/12/2024,Naija Bruckner,54.36833333333334,24
01/13/2025,Lauren Pickup,51.302,33
01/13/2025,Sophie Zhang,55.85166666666667,33
01/13/2025,Jessica Molina,53.23066666666667,33
01/13/2025,Jules Johnston,52.653333333333336,33
01/13/2025,Carsyn Martz,58.843,33
01/13/2025,Kenna Sanders,44.696666666666665,33
01/13/2025,Taylor Rish,50.03066666666666,33
01/13/2025,Kirsten Ruf,55.62566666666667,33
01/13/2025,Piper Biziorek,45.324333333333335,33
01/13/2025,Kallie McKinney,50.06766666666667,33
01/13/2025,Bailey Peek,53.01166666666666,33
01/13/2025,Mariana Elizondo,53.465,33
01/13/2025,Dayo Tennyson,61.43166666666667,33
01/13/2025,Lilly Reuscher,58.19433333333333,33
01/13/2025,Camille Quarterman,53.209666666666664,33
01/13/2025,Allie Love,49.281,33
01/13/2025,Jordyn Mariam,50.61966666666667,33
01/13/2025,Megan Sweeney,48.775,33
01/13/2025,Mia Brumlow,47.288999999999994,33
01/13/2025,Betty Velkova,42.907999999999994,33
01/27/2025,Sophie Zhang,54.285,35
01/27/2025,Taylor Rish,52.529,35
01/27/2025,Megan Sweeney,48.82233333333334,35
01/27/2025,Kirsten Ruf,56.940333333333335,35
01/27/2025,Naija Bruckner,44.018,35
01/27/2025,Allie Love,52.257666666666665,35
01/27/2025,Betty Velkova,48.415666666666674,35
01/27/2025,Jessica Molina,54.41833333333333,35
01/27/2025,Dayo Tennyson,63.657,35
01/27/2025,Carsyn Martz,58.21966666666666,35
01/27/2025,Kallie McKinney,53.55766666666667,35
01/27/2025,Lilly Reuscher,60.35466666666667,35
01/27/2025,Kenna Sanders,46.38566666666667,35
01/27/2025,Piper Biziorek,42.77633333333333,35
01/27/2025,Mariana Elizondo,55.85633333333333,35
01/27/2025,Bailey Peek,56.74066666666667,35
01/27/2025,Jules Johnston,53.98933333333333,35
01/27/2025,Mia Brumlow,50.806,35
01/27/2025,Jordyn Mariam,55.736,35
01/27/2025,Lauren Pickup,49.32266666666667,35
01/27/2025,Camille Quarterman,60.94766666666667,35
01/28/2025,Jules Johnston,54.434333333333335,35
01/28/2025,Bailey Peek,53.28333333333333,35
01/28/2025,Mariana Elizondo,54.68133333333333,35
01/28/2025,Carsyn Martz,56.279,35
02/03/2025,Sophie Zhang,57.31133333333333,36
02/03/2025,Allie Love,51.08266666666666,36
02/03/2025,Kirsten Ruf,59.120666666666665,36
02/03/2025,Dayo Tennyson,69.65033333333334,36
02/03/2025,Betty Velkova,49.09366666666667,36
02/03/2025,Jessica Molina,56.30233333333334,36
02/03/2025,Taylor Rish,56.76266666666667,36
02/03/2025,Lilly Reuscher,62.09266666666667,36
02/03/2025,Kallie McKinney,59.04333333333333,36
02/03/2025,Carsyn Martz,62.14933333333334,36
02/03/2025,Lauren Pickup,56.23233333333334,36
02/03/2025,Piper Biziorek,50.59766666666667,36
02/03/2025,Kenna Sanders,46.894666666666666,36
02/03/2025,Mia Brumlow,50.43033333333333,36
02/03/2025,Bailey Peek,57.007000000000005,36
02/03/2025,Mariana Elizondo,54.05533333333333,36
02/03/2025,Jordyn Mariam,59.22166666666667,36
02/03/2025,Camille Quarterman,65.63933333333334,36
02/11/2025,Betty Velkova,46.666,37
02/11/2025,Lilly Reuscher,62.209333333333326,37
02/11/2025,Lauren Pickup,53.306,37
02/11/2025,Jessica Molina,51.52733333333333,37
02/11/2025,Kirsten Ruf,56.99700000000001,37
02/11/2025,Mia Brumlow,49.665666666666674,37
02/11/2025,Megan Sweeney,48.73166666666666,37
02/11/2025,Taylor Rish,53.397333333333336,37
02/11/2025,Dayo Tennyson,63.641333333333336,37
02/11/2025,Piper Biziorek,44.13433333333333,37
02/11/2025,Jules Johnston,53.77533333333333,37
02/11/2025,Carsyn Martz,58.407999999999994,37
02/11/2025,Bailey Peek,54.029666666666664,37
02/11/2025,Sophie Zhang,56.284333333333336,37
02/11/2025,Kallie McKinney,53.22733333333334,37
02/12/2025,Mariana Elizondo,54.918000000000006,37
02/12/2025,Kenna Sanders,47.43233333333333,37
02/12/2025,Jordyn Mariam,58.91733333333334,37
02/12/2025,Mia Brumlow,50.72,37
02/17/2025,Betty Velkova,50.70533333333333,38
02/17/2025,Jessica Molina,61.489666666666665,38
02/17/2025,Camille Quarterman,64.71833333333333,38
02/17/2025,Kirsten Ruf,58.00366666666667,38
02/17/2025,Megan Sweeney,52.553,38
02/17/2025,Taylor Rish,56.894666666666666,38
02/17/2025,Lilly Reuscher,62.215,38
02/17/2025,Kallie McKinney,52.57033333333334,38
02/17/2025,Lauren Pickup,56.32066666666666,38
02/17/2025,Dayo Tennyson,70.89366666666666,38
02/17/2025,Jordyn Mariam,56.67433333333333,38
02/17/2025,Mia Brumlow,51.633,38
02/17/2025,Jules Johnston,54.04833333333334,38
02/17/2025,Piper Biziorek,48.504,38
02/17/2025,Kenna Sanders,47.56033333333334,38
02/17/2025,Mariana Elizondo,58.37266666666667,38
02/17/2025,Bailey Peek,58.88066666666666,38
02/17/2025,Isabelle Kent,45.93666666666667,38
02/18/2025,Carsyn Martz,60.873333333333335,38
02/24/2025,Camille Quarterman,65.367,39
02/24/2025,Taylor Rish,51.78933333333333,39
02/24/2025,Kirsten Ruf,58.26666666666667,39
02/24/2025,Isabelle Kent,48.873,39
02/24/2025,Jessica Molina,59.54533333333333,39
02/24/2025,Sophie Zhang,55.84166666666667,39
02/24/2025,Dayo Tennyson,66.18433333333333,39
02/24/2025,Lilly Reuscher,62.910333333333334,39
02/24/2025,Kallie McKinney,56.790333333333336,39
02/24/2025,Carsyn Martz,60.26766666666666,39
02/24/2025,Kenna Sanders,45.49966666666666,39
02/24/2025,Piper Biziorek,47.49466666666666,39
02/24/2025,Mia Brumlow,53.525,39
02/24/2025,Betty Velkova,50.15166666666667,39
02/24/2025,Naija Bruckner,52.39833333333333,39
02/24/2025,Mariana Elizondo,55.213,39
02/24/2025,Bailey Peek,55.998333333333335,39
02/24/2025,Lauren Pickup,52.001666666666665,39
02/24/2025,Jordyn Mariam,60.762,39
03/03/2025,Betty Velkova,47.59799999999999,40
03/03/2025,Jessica Molina,61.138,40
03/03/2025,Sophie Zhang,54.68333333333334,40
03/03/2025,Megan Sweeney,51.33766666666667,40
03/03/2025,Kirsten Ruf,59.486333333333334,40
03/03/2025,Taylor Rish,53.535,40
03/03/2025,Lilly Reuscher,60.94733333333334,40
03/03/2025,Carsyn Martz,61.58566666666667,40
03/03/2025,Dayo Tennyson,69.347,40
03/03/2025,Isabelle Kent,43.625,40
03/03/2025,Naija Bruckner,49.51733333333333,40
03/03/2025,Mia Brumlow,55.660666666666664,40
03/03/2025,Piper Biziorek,45.28133333333333,40
03/03/2025,Kenna Sanders,43.20133333333333,40
03/03/2025,Jordyn Mariam,59.68933333333333,40
03/03/2025,Lauren Pickup,53.57366666666667,40
03/03/2025,Camille Quarterman,61.14233333333333,40
03/03/2025,Bailey Peek,52.685333333333325,40
03/03/2025,Mariana Elizondo,54.41966666666667,40
03/03/2025,Kallie McKinney,56.648,40
03/10/2025,Kirsten Ruf,56.70633333333333,41
03/10/2025,Piper Biziorek,46.029,41
03/10/2025,Allie Love,48.867,41
03/10/2025,Jules Johnston,51.211000000000006,41
03/10/2025,Sophie Zhang,57.994,41
03/10/2025,Lilly Reuscher,52.87533333333334,41
03/10/2025,Jessica Molina,54.278333333333336,41
03/10/2025,Carsyn Martz,59.852666666666664,41
03/10/2025,Taylor Rish,51.697333333333326,41
03/10/2025,Jordyn Mariam,57.39333333333334,41
03/10/2025,Mariana Elizondo,56.16,41
03/10/2025,Kallie McKinney,54.18033333333333,41
03/10/2025,Mia Brumlow,49.95366666666666,41
03/10/2025,Dayo Tennyson,62.36666666666667,41
03/10/2025,Betty Velkova,45.36933333333334,41
03/10/2025,Camille Quarterman,60.969,41
03/10/2025,Bailey Peek,54.7,41
03/10/2025,Megan Sweeney,51.62866666666667,41
03/10/2025,Lauren Pickup,56.556333333333335,41
03/10/2025,Kenna Sanders,46.144000000000005,41
03/12/2025,Gabriela Quintero,47.949666666666666,41
03/26/2025,Taylor Rish,55.113,43
03/27/2025,Naija Bruckner,52.555,43
03/27/2025,Jessica Molina,57.65033333333333,43
03/27/2025,Jules Johnston,52.282,43
03/27/2025,Betty Velkova,53.01433333333333,43
03/27/2025,Kirsten Ruf,59.090666666666664,43
03/27/2025,Megan Sweeney,53.34366666666667,43
03/27/2025,Dayo Tennyson,68.419,43
03/27/2025,Carsyn Martz,63.486333333333334,43
03/27/2025,Isabelle Kent,50.85666666666666,43
03/27/2025,Sophie Zhang,55.139,43
03/27/2025,Kallie McKinney,56.56166666666667,43
03/27/2025,Lilly Reuscher,62.334333333333326,43
03/27/2025,Piper Biziorek,47.933,43
03/27/2025,Allie Love,52.00133333333334,43
03/27/2025,Kenna Sanders,41.719,43
03/27/2025,Lauren Pickup,56.27866666666667,43
03/27/2025,Mia Brumlow,59.13566666666667,43
03/27/2025,Bailey Peek,57.39433333333333,43
03/27/2025,Mariana Elizondo,57.56133333333333,43
03/27/2025,Camille Quarterman,68.321,43
03/27/2025,Jordyn Mariam,60.83833333333333,43
03/31/2025,Dayo Tennyson,64.11933333333333,44
03/31/2025,Naija Bruckner,53.230999999999995,44
03/31/2025,Mariana Elizondo,50.42166666666666,44
03/31/2025,Betty Velkova,45.226333333333336,44
03/31/2025,Isabelle Kent,46.638666666666666,44
03/31/2025,Jessica Molina,56.66400000000001,44
03/31/2025,Jules Johnston,50.564,44
03/31/2025,Mia Brumlow,56.385333333333335,44
03/31/2025,Megan Sweeney,50.09466666666666,44
03/31/2025,Kirsten Ruf,53.681999999999995,44
03/31/2025,Taylor Rish,54.16733333333334,44
03/31/2025,Lauren Pickup,53.373999999999995,44
03/31/2025,Piper Biziorek,45.66533333333333,44
03/31/2025,Kenna Sanders,40.996,44
03/31/2025,Carsyn Martz,61.788333333333334,44
03/31/2025,Jordyn Mariam,57.401,44
03/31/2025,Lilly Reuscher,60.597,44
03/31/2025,Kallie McKinney,50.397499999999994,44
04/01/2025,Allie Love,52.922666666666665,44
04/01/2025,Camille Quarterman,61.56933333333333,44
04/09/2025,Taylor Rish,56.08866666666666,45
04/09/2025,Kirsten Ruf,58.952333333333335,45
04/09/2025,Megan Sweeney,51.385333333333335,45
04/09/2025,Jessica Molina,58.010333333333335,45
04/09/2025,Sophie Zhang,52.86533333333333,45
04/09/2025,Dayo Tennyson,73.66866666666667,45
04/09/2025,Lilly Reuscher,55.852,45
04/09/2025,Kallie McKinney,56.97133333333333,45
04/09/2025,Carsyn Martz,61.772,45
04/09/2025,Carsyn Martz,65.667,45
04/09/2025,Jules Johnston,52.461333333333336,45
04/09/2025,Betty Velkova,46.764,45
04/09/2025,Mia Brumlow,57.99966666666666,45
04/09/2025,Allie Love,50.181,45
04/09/2025,Piper Biziorek,47.47666666666667,45
04/09/2025,Kenna Sanders,39.73533333333334,45
04/09/2025,Mariana Elizondo,54.946,45
04/09/2025,Bailey Peek,56.050333333333334,45
04/09/2025,Naija Bruckner,49.61333333333334,45
04/09/2025,Jordyn Mariam,59.94833333333333,45
04/09/2025,Lauren Pickup,53.69566666666666,45
04/09/2025,Camille Quarterman,64.39033333333333,45
04/15/2025,Jessica Molina,60.24866666666667,46
04/15/2025,Naija Bruckner,52.584,46
04/15/2025,Jordyn Mariam,60.91966666666667,46
04/15/2025,Megan Sweeney,51.97299999999999,46
04/15/2025,Taylor Rish,51.159,46
04/15/2025,Isabelle Kent,47.11533333333333,46
04/15/2025,Betty Velkova,51.40833333333333,46
04/15/2025,Dayo Tennyson,70.69566666666667,46
04/15/2025,Kallie McKinney,59.90966666666666,46
04/15/2025,Lilly Reuscher,61.35033333333333,46
04/15/2025,Carsyn Martz,66.63133333333333,46
04/15/2025,Kenna Sanders,43.365,46
04/15/2025,Allie Love,51.7,46
04/15/2025,Piper Biziorek,50.39433333333333,46
04/15/2025,Mia Brumlow,55.992999999999995,46
04/15/2025,Jules Johnston,56.12466666666666,46
04/15/2025,Mariana Elizondo,55.41233333333333,46
04/15/2025,Bailey Peek,57.21033333333333,46
04/15/2025,Lauren Pickup,53.157,46
04/15/2025,Camille Quarterman,66.08833333333332,46
04/16/2025,Kirsten Ruf,57.578,46
04/21/2025,Sophie Zhang,53.74166666666667,47
04/21/2025,Isabelle Kent,49.11966666666667,47
04/21/2025,Kirsten Ruf,61.709,47
04/21/2025,Jules Johnston,57.508,47
04/21/2025,Piper Biziorek,48.047,47
04/21/2025,Jordyn Mariam,61.401666666666664,47
04/21/2025,Mariana Elizondo,59.21733333333333,47
04/21/2025,Betty Velkova,50.206,47
04/21/2025,Megan Sweeney,52.85633333333334,47
04/21/2025,Naija Bruckner,58.157999999999994,47
04/21/2025,Taylor Rish,54.75466666666667,47
04/21/2025,Dayo Tennyson,69.82533333333333,47
04/21/2025,Camille Quarterman,66.996,47
04/21/2025,Allie Love,56.224333333333334,47
04/21/2025,Lilly Reuscher,63.95766666666666,47
04/21/2025,Kenna Sanders,39.318000000000005,47
04/21/2025,Carsyn Martz,68.84833333333334,47
04/21/2025,Jessica Molina,61.3585,47
04/21/2025,Mia Brumlow,58.093333333333334,47
04/21/2025,Bailey Peek,60.409,47
04/22/2025,Lauren Pickup,58.536,47
04/25/2025,Faith Hutchins,59.196666666666665,47
05/23/2025,Naija Bruckner,51.56366666666667,51
06/04/2025,Naija Bruckner,48.053666666666665,53
06/13/2025,Naija Bruckner,55.141333333333336,54
06/17/2025,Kirsten Ruf,59.42166666666666,55
06/17/2025,Allie Love,50.03866666666667,55
06/17/2025,Mia Brumlow,51.835,55
06/17/2025,Jordyn Mariam,58.98,55
06/17/2025,Dayo Tennyson,65.87,55
06/17/2025,Naija Bruckner,59.602666666666664,55
06/24/2025,Naija Bruckner,52.37533333333334,56
06/24/2025,Jordyn Mariam,71.55466666666666,56
06/24/2025,Mia Brumlow,65.77266666666667,56
06/24/2025,Dayo Tennyson,79.94966666666666,56
06/24/2025,Kirsten Ruf,56.51833333333334,56
06/24/2025,Allie Love,62.261,56
06/24/2025,Naija Bruckner,77.47833333333334,56
07/01/2025,Naija Bruckner,56.913333333333334,57
07/01/2025,Jessica Molina,59.74,57
07/01/2025,Mia Brumlow,56.85833333333333,57
07/01/2025,Jordyn Mariam,60.03133333333333,57
07/01/2025,Dayo Tennyson,61.797333333333334,57
07/08/2025,Lilly Reuscher,61.413,58
07/08/2025,Mariana Elizondo,57.419,58
07/08/2025,Naija Bruckner,58.172,58
07/08/2025,Kirsten Ruf,59.001,58
07/08/2025,Lauren Pickup,55.80833333333334,58
07/08/2025,Isabelle Kent,46.44133333333334,58
07/08/2025,Betty Velkova,48.349333333333334,58
07/08/2025,Kenna Sanders,45.050666666666665,58
07/08/2025,Dayo Tennyson,65.2525,58
07/08/2025,Megan Sweeney,48.934333333333335,58
07/15/2025,Naija Bruckner,53.473000000000006,59
07/15/2025,Mariana Elizondo,51.311,59
07/15/2025,Jessica Molina,57.21333333333333,59
07/15/2025,Kenna Sanders,43.36966666666667,59
07/15/2025,Mia Brumlow,55.931,59
07/15/2025,Kirsten Ruf,56.465,59
07/15/2025,Isabelle Kent,47.199000000000005,59
07/15/2025,Dayo Tennyson,60.800666666666665,59
07/15/2025,Jordyn Mariam,59.154,59
07/15/2025,Taylor Rish,52.95766666666666,59
07/15/2025,Megan Sweeney,49.760333333333335,59
07/15/2025,Betty Velkova,44.09133333333333,59
07/15/2025,Lauren Pickup,53.812333333333335,59
07/15/2025,Jules Johnston,53.992333333333335,59
07/15/2025,Carsyn Martz,60.41966666666667,59
07/22/2025,Naija Bruckner,58.37133333333333,60
07/22/2025,Jessica Molina,60.14966666666667,60
07/22/2025,Kirsten Ruf,57.593,60
07/22/2025,Isabelle Kent,48.383,60
07/22/2025,Kenna Sanders,45.1375,60
07/22/2025,Dayo Tennyson,59.91366666666667,60
07/22/2025,Jordyn Mariam,62.065999999999995,60
07/22/2025,Taylor Rish,57.494,60
07/22/2025,Megan Sweeney,50.782,60
07/22/2025,Betty Velkova,49.60966666666667,60
07/22/2025,Lauren Pickup,56.385333333333335,60
07/22/2025,Jules Johnston,56.18933333333334,60
07/22/2025,Carsyn Martz,66.574,60
07/31/2025,Jules Johnston,52.27066666666667,61
07/31/2025,Megan Sweeney,49.97233333333333,61
07/31/2025,Mia Brumlow,54.76233333333334,61
07/31/2025,Dayo Tennyson,62.89333333333334,61
07/31/2025,Isabelle Kent,45.800666666666665,61
07/31/2025,Jordyn Mariam,59.67666666666667,61
07/31/2025,Jessica Molina,58.354000000000006,61
07/31/2025,Mariana Elizondo,53.203,61
07/31/2025,Naija Bruckner,57.294,61
07/31/2025,Carsyn Martz,62.81466666666666,61
07/31/2025,Kirsten Ruf,53.538999999999994,61
07/31/2025,Piper Biziorek,45.83133333333333,61
07/31/2025,Sophie Zhang,51.55766666666667,61
07/31/2025,Taylor Rish,51.010333333333335,61
07/31/2025,Camille Quarterman,58.93033333333333,61
07/31/2025,Allie Love,46.26233333333334,61
07/31/2025,Kenna Sanders,42.98266666666667,61
07/31/2025,Lauren Pickup,55.135,61
08/03/2025,Sophie Zhang,54.40366666666667,61
08/03/2025,Piper Biziorek,45.952333333333335,61
08/03/2025,Kirsten Ruf,56.38399999999999,61
08/03/2025,Mia Brumlow,54.32533333333333,61
08/03/2025,Betty Velkova,49.099,61
08/03/2025,Jessica Molina,61.137,61
08/03/2025,Carsyn Martz,59.10033333333333,61
08/03/2025,Camille Quarterman,64.688,61
08/03/2025,Lauren Pickup,56.2265,61
08/03/2025,Megan Sweeney,54.35333333333333,61
08/03/2025,Jordyn Mariam,56.876,61
08/03/2025,Taylor Rish,52.921499999999995,61
08/03/2025,Jules Johnston,56.24366666666666,61
08/03/2025,Allie Love,51.502,61
08/03/2025,Kenna Sanders,42.59,61
08/03/2025,Isabelle Kent,47.99266666666667,61
08/03/2025,Dayo Tennyson,64.8655,61
08/03/2025,Mariana Elizondo,51.64666666666667,61
08/03/2025,Naija Bruckner,56.974333333333334,61
08/05/2025,Allie Love,53.72866666666667,62
08/05/2025,Kirsten Ruf,58.715666666666664,62
08/05/2025,Sophie Zhang,56.867,62
08/05/2025,Mia Brumlow,57.281666666666666,62
08/05/2025,Camille Quarterman,65.55566666666667,62
08/05/2025,Piper Biziorek,45.22666666666667,62
08/05/2025,Jordyn Mariam,60.105999999999995,62
08/05/2025,Naija Bruckner,58.93833333333333,62
08/05/2025,Mariana Elizondo,56.623,62
08/05/2025,Jessica Molina,58.38833333333333,62
08/05/2025,Jules Johnston,57.46866666666667,62
08/05/2025,Carsyn Martz,64.72766666666666,62
08/05/2025,Lauren Pickup,58.74966666666666,62
08/05/2025,Isabelle Kent,51.037,62
08/05/2025,Betty Velkova,51.39266666666666,62
08/05/2025,Dayo Tennyson,63.072333333333326,62
08/05/2025,Megan Sweeney,54.60966666666667,62
08/05/2025,Kenna Sanders,45.145,62
08/05/2025,Taylor Rish,57.26833333333334,62
08/08/2025,Kirsten Ruf,62.596,62
08/08/2025,Dayo Tennyson,60.80466666666666,62
08/08/2025,Naija Bruckner,57.57633333333334,62
08/08/2025,Piper Biziorek,41.26133333333333,62
08/08/2025,Isabelle Kent,51.047666666666665,62
08/08/2025,Lauren Pickup,59.47566666666666,62
08/08/2025,Mia Brumlow,55.10833333333333,62
08/08/2025,Mariana Elizondo,51.44766666666667,62
08/08/2025,Allie Love,53.88366666666667,62
08/08/2025,Camille Quarterman,63.67850000000001,62
08/08/2025,Megan Sweeney,54.229000000000006,62
08/08/2025,Sophie Zhang,54.156666666666666,62
08/08/2025,Jordyn Mariam,57.892,62
08/08/2025,Carsyn Martz,61.672,62
08/08/2025,Kenna Sanders,45.285666666666664,62
08/08/2025,Betty Velkova,52.330666666666666,62
08/08/2025,Jules Johnston,55.60999999999999,62
08/08/2025,Taylor Rish,54.498333333333335,62
08/08/2025,Jessica Molina,59.160666666666664,62
08/14/2025,Dayo Tennyson,63.395,63
08/14/2025,Isabelle Kent,51.499,63
08/14/2025,Lauren Pickup,59.98133333333334,63
08/14/2025,Allie Love,56.71233333333333,63
08/14/2025,Betty Velkova,52.67733333333333,63
08/14/2025,Mariana Elizondo,52.81966666666667,63
08/14/2025,Taylor Rish,54.18566666666667,63
08/14/2025,Megan Sweeney,54.556,63
08/14/2025,Lilly Reuscher,53.85066666666666,63
08/14/2025,Kirsten Ruf,57.86533333333333,63
08/14/2025,Kenna Sanders,45.919666666666664,63
08/14/2025,Jules Johnston,60.044999999999995,63
08/14/2025,Jessica Molina,59.35833333333333,63
08/14/2025,Naija Bruckner,64.26433333333334,63
08/14/2025,Carsyn Martz,56.90766666666667,63
08/14/2025,Sophie Zhang,55.968999999999994,63
08/14/2025,Jordyn Mariam,57.52,63
08/14/2025,Mia Brumlow,58.54833333333334,63
08/14/2025,Camille Quarterman,64.488,63
08/14/2025,Piper Biziorek,45.77700000000001,63
08/18/2025,Kallie McKinney,48.746,64
08/19/2025,Lauren Pickup,57.029666666666664,64
08/19/2025,Mia Brumlow,56.702333333333335,64
08/19/2025,Taylor Rish,52.261,64
08/19/2025,Allie Love,52.79966666666667,64
08/19/2025,Bailey Peek,56.726333333333336,64
08/19/2025,Kenna Sanders,49.291,64
08/19/2025,Megan Sweeney,55.425666666666665,64
08/19/2025,Sophie Zhang,55.70033333333333,64
08/19/2025,Jessica Molina,57.88233333333333,64
08/19/2025,Isabelle Kent,50.92033333333333,64
08/19/2025,Betty Velkova,50.11833333333333,64
08/19/2025,Piper Biziorek,46.33833333333333,64
08/19/2025,Jules Johnston,56.03066666666666,64
08/19/2025,Mariana Elizondo,52.55533333333333,64
08/19/2025,Naija Bruckner,67.49499999999999,64
08/19/2025,Carsyn Martz,62.15566666666666,64
08/19/2025,Dayo Tennyson,65.88366666666667,64
08/19/2025,Jordyn Mariam,61.178333333333335,64
08/19/2025,Camille Quarterman,67.12700000000001,64
08/19/2025,Kirsten Ruf,57.587,64
08/19/2025,Lilly Reuscher,55.686,64
08/21/2025,Taylor Rish,54.446,64
08/21/2025,Kenna Sanders,46.548333333333325,64
08/21/2025,Piper Biziorek,45.769000000000005,64
08/21/2025,Lilly Reuscher,54.452333333333335,64
08/21/2025,Dayo Tennyson,62.955666666666666,64
08/21/2025,Mariana Elizondo,53.15133333333333,64
08/21/2025,Sophie Zhang,53.80633333333333,64
08/21/2025,Jordyn Mariam,58.11433333333333,64
08/21/2025,Naija Bruckner,73.34933333333333,64
08/21/2025,Bailey Peek,55.464,64
08/21/2025,Betty Velkova,53.63566666666666,64
08/21/2025,Allie Love,56.26133333333333,64
08/21/2025,Isabelle Kent,52.66266666666667,64
08/21/2025,Jessica Molina,61.582,64
08/21/2025,Lauren Pickup,58.47366666666667,64
08/21/2025,Carsyn Martz,62.18366666666666,64
08/21/2025,Jules Johnston,55.76233333333334,64
08/21/2025,Megan Sweeney,52.88966666666666,64
08/21/2025,Camille Quarterman,63.36366666666667,64
08/21/2025,Mia Brumlow,57.14233333333333,64
08/21/2025,Kirsten Ruf,58.4575,64
08/26/2025,Kenna Sanders,49.81833333333333,65
08/26/2025,Taylor Rish,58.069,65
08/26/2025,Naija Bruckner,71.04033333333332,65
08/26/2025,Mariana Elizondo,54.535,65
08/26/2025,Jessica Molina,58.47466666666667,65
08/26/2025,Megan Sweeney,55.24966666666666,65
08/26/2025,Piper Biziorek,48.788,65
08/26/2025,Isabelle Kent,51.82533333333333,65
08/26/2025,Allie Love,54.91166666666667,65
08/26/2025,Dayo Tennyson,60.95733333333334,65
08/26/2025,Lauren Pickup,57.94933333333333,65
08/26/2025,Mia Brumlow,59.51666666666667,65
08/26/2025,Camille Quarterman,68.01566666666668,65
08/26/2025,Carsyn Martz,64.45333333333333,65
08/26/2025,Jordyn Mariam,63.96599999999999,65
08/26/2025,Kallie McKinney,56.21,65
08/26/2025,Lilly Reuscher,57.18166666666667,65
08/26/2025,Kirsten Ruf,57.31833333333333,65
08/28/2025,Taylor Rish,54.326,65
08/28/2025,Naija Bruckner,68.37133333333334,65
08/28/2025,Lauren Pickup,53.132666666666665,65
08/28/2025,Piper Biziorek,47.474333333333334,65
08/28/2025,Isabelle Kent,49.5195,65
08/28/2025,Camille Quarterman,67.6325,65
08/28/2025,Sophie Zhang,57.60633333333334,65
08/28/2025,Carsyn Martz,60.336666666666666,65
08/28/2025,Dayo Tennyson,60.29866666666667,65
08/28/2025,Jordyn Mariam,59.21099999999999,65
08/28/2025,Kallie McKinney,52.9205,65
08/28/2025,Kirsten Ruf,58.041,65
08/28/2025,Betty Velkova,49.87833333333333,65
08/28/2025,Mia Brumlow,55.74433333333334,65
08/28/2025,Mariana Elizondo,53.15566666666667,65
08/28/2025,Bailey Peek,53.446666666666665,65
08/28/2025,Megan Sweeney,52.55,65
08/28/2025,Lilly Reuscher,57.048,65
08/28/2025,Jules Johnston,56.522333333333336,65
08/28/2025,Allie Love,57.245999999999995,65
08/28/2025,Kenna Sanders,47.77666666666667,65
08/28/2025,Jessica Molina,58.80733333333333,65
09/02/2025,Bailey Peek,56.22133333333333,66
09/02/2025,Jules Johnston,55.779333333333334,66
09/02/2025,Lilly Reuscher,58.54866666666666,66
09/02/2025,Kirsten Ruf,60.273666666666664,66
09/02/2025,Isabelle Kent,55.108,66
09/02/2025,Lauren Pickup,61.577,66
09/02/2025,Dayo Tennyson,61.321,66
09/02/2025,Kallie McKinney,60.22233333333333,66
09/02/2025,Taylor Rish,56.00733333333333,66
09/02/2025,Naija Bruckner,71.029,66
09/02/2025,Allie Love,56.25566666666666,66
09/02/2025,Megan Sweeney,58.303333333333335,66
09/02/2025,Sophie Zhang,55.89166666666667,66
09/02/2025,Piper Biziorek,53.02066666666667,66
09/02/2025,Kenna Sanders,50.324000000000005,66
09/02/2025,Betty Velkova,56.814,66
09/02/2025,Jessica Molina,58.10733333333334,66
09/02/2025,Mia Brumlow,54.823,66
09/02/2025,Jordyn Mariam,62.486333333333334,66
09/03/2025,Mariana Elizondo,53.91733333333334,66
09/07/2025,Jessica Molina,58.71333333333333,66
09/07/2025,Kirsten Ruf,54.336,66
09/07/2025,Piper Biziorek,49.11866666666666,66
09/07/2025,Lilly Reuscher,55.481,66
09/07/2025,Bailey Peek,56.410666666666664,66
09/07/2025,Mariana Elizondo,53.11766666666667,66
09/07/2025,Dayo Tennyson,62.57366666666667,66
09/07/2025,Naija Bruckner,64.76933333333334,66
09/07/2025,Carsyn Martz,63.26733333333333,66
09/07/2025,Kenna Sanders,43.3145,66
09/07/2025,Allie Love,55.811,66
09/07/2025,Megan Sweeney,51.916666666666664,66
09/07/2025,Camille Quarterman,61.4495,66
09/07/2025,Jules Johnston,59.41833333333333,66
09/07/2025,Sophie Zhang,54.962,66
09/07/2025,Jordyn Mariam,60.662,66
09/07/2025,Taylor Rish,57.52033333333333,66
09/07/2025,Betty Velkova,49.95766666666666,66
09/07/2025,Mia Brumlow,51.451,66
09/07/2025,Lauren Pickup,54.449000000000005,66
09/07/2025,Isabelle Kent,51.80733333333333,66
09/09/2025,Lilly Reuscher,58.653,67
09/09/2025,Camille Quarterman,64.11366666666667,67
09/09/2025,Dayo Tennyson,69.105,67
09/09/2025,Isabelle Kent,52.47066666666666,67
09/09/2025,Lauren Pickup,55.7905,67
09/09/2025,Kallie McKinney,57.70333333333334,67
09/09/2025,Mariana Elizondo,55.643,67
09/09/2025,Naija Bruckner,70.3,67
09/09/2025,Sophie Zhang,55.22533333333333,67
09/09/2025,Betty Velkova,52.201,67
09/09/2025,Jordyn Mariam,58.846,67
09/09/2025,Jules Johnston,60.797333333333334,67
09/09/2025,Carsyn Martz,67.14133333333334,67
09/09/2025,Mia Brumlow,59.28900000000001,67
09/09/2025,Jessica Molina,58.313,67
09/09/2025,Allie Love,57.143,67
09/09/2025,Kirsten Ruf,61.18566666666667,67
09/09/2025,Taylor Rish,62.282999999999994,67
09/09/2025,Megan Sweeney,56.840666666666664,67
09/09/2025,Kenna Sanders,50.31966666666667,67
09/09/2025,Bailey Peek,58.56333333333333,67
09/16/2025,Mariana Elizondo,53.12799999999999,68
09/16/2025,Lilly Reuscher,58.035333333333334,68
09/16/2025,Carsyn Martz,64.67166666666667,68
09/16/2025,Jordyn Mariam,58.74466666666667,68
09/16/2025,Mia Brumlow,60.08866666666666,68
09/16/2025,Isabelle Kent,49.71266666666667,68
09/16/2025,Kirsten Ruf,58.586333333333336,68
09/16/2025,Betty Velkova,50.858,68
09/16/2025,Dayo Tennyson,63.604,68
09/16/2025,Megan Sweeney,57.37166666666667,68
09/16/2025,Sophie Zhang,57.614666666666665,68
09/16/2025,Camille Quarterman,66.146,68
09/16/2025,Jessica Molina,57.269499999999994,68
09/16/2025,Allie Love,56.668000000000006,68
09/16/2025,Jules Johnston,56.09366666666667,68
09/16/2025,Kenna Sanders,47.51933333333333,68
09/16/2025,Lauren Pickup,59.718333333333334,68
09/16/2025,Naija Bruckner,69.40933333333334,68
09/16/2025,Bailey Peek,58.65233333333333,68
09/16/2025,Taylor Rish,60.10033333333333,68
09/18/2025,Jules Johnston,54.91966666666667,68
09/18/2025,Taylor Rish,56.654,68
09/18/2025,Lilly Reuscher,53.986,68
09/18/2025,Isabelle Kent,52.44533333333334,68
09/18/2025,Carsyn Martz,64.474,68
09/18/2025,Dayo Tennyson,62.28033333333334,68
09/18/2025,Lauren Pickup,57.00233333333333,68
09/18/2025,Bailey Peek,55.504999999999995,68
09/18/2025,Piper Biziorek,53.394666666666666,68
09/18/2025,Naija Bruckner,65.012,68
09/18/2025,Betty Velkova,51.52633333333333,68
09/18/2025,Sophie Zhang,59.423,68
09/18/2025,Allie Love,55.251,68
09/18/2025,Camille Quarterman,64.81766666666665,68
09/18/2025,Mariana Elizondo,55.04333333333333,68
09/18/2025,Megan Sweeney,53.579,68
09/18/2025,Mia Brumlow,57.916,68
09/18/2025,Kirsten Ruf,54.6365,68
09/18/2025,Jordyn Mariam,60.73233333333334,68
09/21/2025,Dayo Tennyson,64.85966666666667,68
09/21/2025,Camille Quarterman,64.425,68
09/21/2025,Sophie Zhang,60.26433333333333,68
09/21/2025,Betty Velkova,52.138666666666666,68
09/21/2025,Mia Brumlow,61.39033333333333,68
09/21/2025,Lilly Reuscher,59.52766666666667,68
09/21/2025,Megan Sweeney,52.184,68
09/21/2025,Isabelle Kent,51.947333333333326,68
09/21/2025,Jules Johnston,57.06966666666667,68
09/21/2025,Kenna Sanders,45.7805,68
09/21/2025,Jordyn Mariam,57.21033333333333,68
09/21/2025,Mariana Elizondo,55.274,68
09/21/2025,Kallie McKinney,54.19533333333334,68
09/21/2025,Piper Biziorek,55.3,68
09/21/2025,Bailey Peek,59.232,68
09/21/2025,Allie Love,56.59966666666667,68
09/21/2025,Lauren Pickup,55.86533333333333,68
09/21/2025,Taylor Rish,56.433,68
09/21/2025,Carsyn Martz,60.76866666666666,68
09/21/2025,Naija Bruckner,61.952333333333335,68
09/23/2025,Sophie Zhang,61.150666666666666,69
09/23/2025,Jules Johnston,58.800666666666665,69
09/23/2025,Megan Sweeney,55.602,69
09/23/2025,Kirsten Ruf,55.915,69
09/23/2025,Lilly Reuscher,60.656666666666666,69
09/23/2025,Mariana Elizondo,54.14066666666667,69
09/23/2025,Dayo Tennyson,63.07366666666667,69
09/23/2025,Carsyn Martz,65.20566666666667,69
09/23/2025,Camille Quarterman,63.470333333333336,69
09/23/2025,Jordyn Mariam,61.67133333333334,69
09/23/2025,Jessica Molina,57.514,69
09/23/2025,Naija Bruckner,72.00733333333334,69
09/23/2025,Mia Brumlow,57.48466666666667,69
09/23/2025,Betty Velkova,50.619,69
09/23/2025,Allie Love,54.935333333333325,69
09/23/2025,Kenna Sanders,47.553333333333335,69
09/23/2025,Taylor Rish,53.47933333333333,69
09/23/2025,Bailey Peek,58.55533333333333,69
09/28/2025,Dayo Tennyson,68.853,69
09/28/2025,Sophie Zhang,54.2625,69
09/28/2025,Mia Brumlow,54.48233333333334,69
09/28/2025,Jordyn Mariam,59.606,69
09/28/2025,Kallie McKinney,53.64933333333334,69
09/28/2025,Mariana Elizondo,53.029,69
09/28/2025,Lilly Reuscher,53.607,69
09/28/2025,Piper Biziorek,52.06999999999999,69
09/28/2025,Isabelle Kent,49.734,69
09/28/2025,Kirsten Ruf,51.731,69
09/28/2025,Betty Velkova,50.378,69
09/28/2025,Allie Love,56.536,69
09/28/2025,Jules Johnston,56.833333333333336,69
09/28/2025,Carsyn Martz,65.193,69
09/28/2025,Lauren Pickup,58.02466666666667,69
09/28/2025,Jessica Molina,56.76666666666667,69
09/28/2025,Bailey Peek,56.055,69
09/28/2025,Taylor Rish,55.7025,69
09/28/2025,Camille Quarterman,62.414,69
09/28/2025,Kenna Sanders,42.195,69
09/28/2025,Megan Sweeney,54.197,69
09/28/2025,Naija Bruckner,67.44033333333334,69
09/30/2025,Jordyn Mariam,62.01733333333333,70
09/30/2025,Kirsten Ruf,57.440666666666665,70
09/30/2025,Bailey Peek,58.431999999999995,70
09/30/2025,Kallie McKinney,59.129999999999995,70
09/30/2025,Mia Brumlow,58.72966666666667,70
09/30/2025,Betty Velkova,52.991666666666674,70
09/30/2025,Jessica Molina,55.704,70
09/30/2025,Sophie Zhang,58.931333333333335,70
09/30/2025,Mariana Elizondo,53.358666666666664,70
09/30/2025,Megan Sweeney,54.534,70
09/30/2025,Lauren Pickup,60.458666666666666,70
09/30/2025,Jules Johnston,58.677,70
09/30/2025,Dayo Tennyson,70.135,70
09/30/2025,Camille Quarterman,62.236333333333334,70
09/30/2025,Carsyn Martz,63.07399999999999,70
09/30/2025,Allie Love,59.449333333333335,70
09/30/2025,Kenna Sanders,50.591,70
09/30/2025,Naija Bruckner,65.527,70
09/30/2025,Lilly Reuscher,58.291,70
09/30/2025,Piper Biziorek,50.85733333333334,70
10/02/2025,Taylor Rish,57.61866666666666,70
10/02/2025,Camille Quarterman,62.885333333333335,70
10/02/2025,Jules Johnston,60.79566666666667,70
10/02/2025,Betty Velkova,50.75300000000001,70
10/02/2025,Sophie Zhang,57.464666666666666,70
10/02/2025,Mia Brumlow,60.257000000000005,70
10/02/2025,Piper Biziorek,50.89633333333334,70
10/02/2025,Kirsten Ruf,54.894666666666666,70
10/02/2025,Lauren Pickup,56.663333333333334,70
10/02/2025,Megan Sweeney,55.40266666666667,70
10/02/2025,Mariana Elizondo,56.36233333333333,70
10/02/2025,Kallie McKinney,56.282333333333334,70
10/02/2025,Lilly Reuscher,57.404666666666664,70
10/02/2025,Allie Love,56.65866666666667,70
10/02/2025,Kenna Sanders,37.412,70
10/02/2025,Carsyn Martz,61.312999999999995,70
10/02/2025,Jordyn Mariam,59.589333333333336,70
10/02/2025,Bailey Peek,56.85233333333333,70
10/02/2025,Dayo Tennyson,69.57600000000001,70
10/02/2025,Naija Bruckner,70.15866666666666,70
