date,Session Title,athlete_name,Split Name,Tags,Split Start Time,Split End Time,Duration,Distance (miles),Sprint Distance (yards),AccelerationsPower Plays,Impacts,Hr Load,Top Speed (mph),meterage_per_minute,Power Score (w/kg),Max Deceleration (m/s/s),Max Acceleration (m/s/s),Player Load Per Min,total_player_load,Sprints Per Min
11/07/2024,Conference vs Memphis,Camille,game, game,45603.81559184,45603.89787515,2565,2.6482,604.1014,,1,0.0,17.6223,99.69319152,3.3285,6.2667,5.7493,4.3636,186.5429,0.4678
11/07/2024,Conference vs Memphis,Cat,game, game,45603.81559184,45603.89787515,5877,5.8511,594.0358,,99,0.0,15.778,96.13434672,7.0944,8.1482,5.4,4.5416,444.8526,0.1838
11/07/2024,Conference vs Memphis,Jules,game, game,45603.81559184,45603.89787515,1809,1.8679,193.3841,,31,0.0,15.1417,99.70388999999999,2.3076,6.0534,3.9186,4.9413,148.9815,0.2653
11/07/2024,Conference vs Memphis,Kallie,game, game,45603.81559184,45603.89787515,4368,5.0269,554.6462,,7,0.0,15.0721,111.12593472,6.2509,6.5201,5.0667,6.2378,454.1148,0.206
11/07/2024,Conference vs Memphis,Taylor,game, game,45603.81559184,45603.89787515,3349,3.3028,704.4795,,1,0.0,16.6032,95.22817631999999,4.1632,6.3334,4.7556,4.2385,236.5786,0.4479
11/07/2024,Conference vs Memphis,Gorji,game, game,45603.81559184,45603.89787515,4057,4.3887,882.6581,,79,0.0,17.155,104.45456376,5.3853,6.1,5.2445,4.99,337.4051,0.3402
11/07/2024,Conference vs Memphis,Sophie,game, game,45603.81559184,45603.89787515,3141,3.096,555.7693,,2,0.0,15.8575,95.1771528,3.8901,6.5112,5.0667,4.5543,238.4194,0.3247
11/07/2024,Conference vs Memphis,Allie,game, game,45603.81559184,45603.89787515,5163,6.2552,1154.0943,,4,0.0,16.3845,116.98760448,7.8292,6.7186,5.4,5.0714,436.3912,0.4532
11/07/2024,Conference vs Memphis,Lilly,game, game,45603.81559184,45603.89787515,6166,5.6637,638.6584,,3,0.0,16.6032,88.69396535999999,6.8384,6.5859,4.7637,3.9791,408.9228,0.1654
11/07/2024,Conference vs Memphis,Lauren,game, game,45603.81559184,45603.89787515,4048,4.4109,843.6501,,2,0.0,16.7722,105.21680760000001,5.532,5.9186,4.76,4.8556,327.5924,0.4002
11/07/2024,Conference vs Memphis,Dayo,game, game,45603.81559184,45603.89787515,3156,3.0956,637.7266,,0,0.0,16.8816,94.71190607999999,3.8894,6.493,5.5023,4.3026,226.3142,0.4183
11/07/2024,Conference vs Memphis,Mariana,game, game,45603.81559184,45603.89787515,3381,3.4877,447.4199,,62,0.0,15.5096,99.60824376000001,4.3093,7.0556,4.5576,5.5133,310.6769,0.1952
11/07/2024,Conference vs Memphis,Carsyn,game, game,45603.81559184,45603.89787515,730,0.6641,166.255,,21,0.0,16.121,87.84668232,0.8731,5.7156,5.1408,4.4946,54.684,0.411
11/07/2024,Conference vs Memphis,Leah,game, game,45603.81559184,45603.89787515,5581,6.1087,713.6593,,1,0.0,15.7084,105.6900096,7.3207,6.7043,4.64,4.6843,435.7201,0.2258
11/07/2024,Conference vs Memphis,Kat,game, game,45603.81559184,45603.89787515,6166,5.4359,360.9219,,4,0.0,16.4938,85.12661664000001,6.4877,7.7556,4.7911,3.8224,392.8183,0.1168
11/07/2024,Conference vs Memphis,KK,game, game,45603.81559184,45603.89787515,6166,6.0357,714.1087,,280,0.0,16.2652,94.52043072,7.5913,7.1334,5.7734,5.125,526.6779,0.2433
11/07/2024,Conference vs Memphis,GQ,game, game,45603.81559184,45603.89787515,1244,1.0665,220.5811,,3,0.0,15.7084,82.78401527999999,1.3288,5.9795,4.8408,3.8413,79.6423,0.2894
11/04/2024,Conference vs UAB,Lilly,game, game,45600.729866725,45600.80973544,5908,5.5897,559.2262,,0,0.0,16.4789,91.35752112,6.9822,6.8667,4.6032,3.989,392.7873,0.193
11/04/2024,Conference vs UAB,Dayo,game, game,45600.729866725,45600.80973544,2424,2.2196,495.1746,,1,0.0,16.2751,88.4188224,2.8847,6.0667,6.1,4.1673,168.3574,0.3713
11/04/2024,Conference vs UAB,KK,game, game,45600.729866725,45600.80973544,5908,5.8942,773.6514,,251,0.0,16.2701,96.33487464,7.7176,6.5156,5.2,5.2166,513.664,0.2234
11/04/2024,Conference vs UAB,Lauren,game, game,45600.729866725,45600.80973544,4181,4.7495,862.2338,,1,0.0,15.5096,109.69014384,6.2299,6.0845,5.2445,4.8047,334.8081,0.3875
11/04/2024,Conference vs UAB,Jules,game, game,45600.729866725,45600.80973544,3128,2.8791,324.7431,,42,0.0,17.7068,88.87849128,3.7226,7.7023,5.3253,4.4162,230.2316,0.1535
11/04/2024,Conference vs UAB,Taylor,game, game,45600.729866725,45600.80973544,2865,3.0105,538.043,,0,0.0,16.8965,101.46566448,3.9298,6.8223,4.7778,4.4854,214.1787,0.3979
11/04/2024,Conference vs UAB,Allie,game, game,45600.729866725,45600.80973544,4547,4.8991,748.3136,,4,0.0,15.4052,104.03750591999999,6.4607,6.2756,5.0149,5.0268,380.9511,0.2903
11/04/2024,Conference vs UAB,Kallie,game, game,45600.729866725,45600.80973544,4078,4.7131,475.2195,,4,0.0,14.1177,111.59858808,6.1308,6.4445,4.4934,6.1161,415.6928,0.1766
11/04/2024,Conference vs UAB,Mariana,game, game,45600.729866725,45600.80973544,2703,2.7004,359.0037,,64,0.0,14.9677,96.46801128,3.5111,7.4001,4.5819,5.4492,245.4846,0.1998
11/04/2024,Conference vs UAB,Leah,game, game,45600.729866725,45600.80973544,5598,6.3545,453.7803,,0,0.0,14.0431,109.60976808,7.8605,5.5512,4.96,4.7717,445.1957,0.1393
11/04/2024,Conference vs UAB,GQ,game, game,45600.729866725,45600.80973544,1420,0.9313,97.8037,,1,0.0,16.981,63.325491840000005,1.1962,8.1112,3.9852,3.2872,77.7973,0.1268
11/04/2024,Conference vs UAB,Kat,game, game,45600.729866725,45600.80973544,5908,5.5666,470.8921,,1,0.0,16.0812,90.98060544,6.9639,6.7334,4.5156,4.0261,396.4376,0.1117
11/04/2024,Conference vs UAB,Carsyn,game, game,45600.729866725,45600.80973544,2374,2.8345,505.0094,,50,0.0,16.7474,115.29056951999999,3.6531,5.9023,4.9156,5.5673,220.279,0.3538
11/04/2024,Conference vs UAB,Sophie,game, game,45600.729866725,45600.80973544,3151,3.0266,383.6154,,6,0.0,14.6396,92.74878072,3.9644,5.9734,4.5511,4.5757,240.3016,0.1904
11/04/2024,Conference vs UAB,Gorji,game, game,45600.729866725,45600.80973544,3530,3.9711,665.4158,,72,0.0,15.9271,108.62532503999999,5.1486,6.3556,5.0578,5.2164,306.901,0.3229
11/04/2024,Conference vs UAB,Cat,game, game,45600.729866725,45600.80973544,5485,5.6274,654.7574,,91,0.0,16.3745,99.06810768,7.1869,7.1512,5.1239,4.6887,428.6257,0.2188
11/04/2024,Conference vs UAB,Piper,game, game,45600.729866725,45600.80973544,1639,1.6931,670.6432,,5,0.0,16.3199,99.74522088,2.3289,6.6534,4.6926,5.2244,142.7139,0.8054
10/31/2024,Away vs ECU,Leah,game, game,45596.795881007,45596.881356933,4311,4.7736,398.9555,,0,0.0,15.5444,106.92188928,5.407,6.4445,4.6356,4.632,332.8101,0.1531
10/31/2024,Away vs ECU,Kallie,game, game,45596.795881007,45596.881356933,3368,3.461,363.8801,,5,0.0,15.4549,99.22693896,4.1254,5.8623,5.297,5.3847,302.2615,0.1603
10/31/2024,Away vs ECU,Kat,game, game,45596.795881007,45596.881356933,6438,6.1306,670.3917,,5,0.0,16.1508,91.94968656,7.0928,8.1408,4.526,4.0395,433.4372,0.1864
10/31/2024,Away vs ECU,Carsyn,game, game,45596.795881007,45596.881356933,4163,4.1507,730.3696,,77,0.0,17.0307,96.27644448,4.9718,6.0203,5.4667,4.5573,316.2003,0.3459
10/31/2024,Away vs ECU,Jules,game, game,45596.795881007,45596.881356933,2833,2.8306,569.1278,,44,0.0,15.6686,96.48053856,3.3763,5.9798,6.0934,4.5493,214.8014,0.3812
10/31/2024,Away vs ECU,Taylor,game, game,45596.795881007,45596.881356933,3871,3.6851,700.1696,,4,0.0,17.3091,91.92243744000001,4.4646,7.7467,5.0489,3.9956,257.7823,0.341
10/31/2024,Away vs ECU,Camille,game, game,45596.795881007,45596.881356933,1521,1.4397,205.8622,,0,0.0,17.2097,91.39729752,1.7502,6.3482,4.8223,4.1685,105.6719,0.1578
10/31/2024,Away vs ECU,Mariana,game, game,45596.795881007,45596.881356933,2846,3.1644,372.6498,,92,0.0,14.5651,107.36253864,3.8063,6.0534,4.6623,6.067,287.779,0.2741
10/31/2024,Away vs ECU,Lilly,game, game,45596.795881007,45596.881356933,6438,5.7256,688.3006,,0,0.0,16.8518,85.87605888,6.6704,6.9819,4.726,3.9563,424.509,0.1864
10/31/2024,Away vs ECU,Lauren,game, game,45596.795881007,45596.881356933,2823,2.9778,415.6516,,7,0.0,15.8675,101.85620472,3.593,5.8149,5.0159,4.7541,223.6791,0.2763
10/31/2024,Away vs ECU,GQ,game, game,45596.795881007,45596.881356933,1956,1.7687,159.5118,,3,0.0,15.5245,87.31495871999999,2.0779,6.0852,5.5394,4.3675,142.3806,0.1227
10/31/2024,Away vs ECU,Naija,game, game,45596.795881007,45596.881356933,5065,5.5674,784.1096,,153,0.0,17.0506,106.13824848,6.5944,5.8371,5.9378,5.0523,426.4994,0.2369
10/31/2024,Away vs ECU,KK,game, game,45596.795881007,45596.881356933,6438,6.3152,753.3781,,255,0.0,17.1699,94.71922128,7.5722,7.2112,5.2074,5.0905,546.2134,0.1957
10/31/2024,Away vs ECU,Cat,game, game,45596.795881007,45596.881356933,5537,5.503,616.3422,,94,0.0,16.6529,95.96737728,6.4876,7.5852,5.7023,4.5566,420.497,0.1734
10/31/2024,Away vs ECU,Gorji,game, game,45596.795881007,45596.881356933,4054,3.9559,645.4082,,57,0.0,17.1947,94.22389079999999,4.6777,6.7956,5.7334,4.4267,299.0942,0.3108
10/31/2024,Away vs ECU,Sophie,game, game,45596.795881007,45596.881356933,1449,1.4068,164.6845,,1,0.0,13.899,93.74831136,1.7211,5.5593,6.0815,4.604,111.1858,0.1242
10/31/2024,extra,Piper,game, training,45596.795881007,45596.881356933,6438,0.6051,95.4601,,0,0.0,14.5949,9.07569432,0.6784,4.0667,4.2223,0.9148,98.1617,0.0466
10/27/2024,Home vs Charlotte,Naija,game, game,45592.504409676,45592.581460938,5702,5.9298,699.4664,,131,0.0,15.4052,100.41885936,7.7717,6.4203,5.8267,4.6053,437.6553,0.1894
10/27/2024,Home vs Charlotte,Dayo,game, game,45592.504409676,45592.581460938,352,0.2938,81.1666,,0,0.0,14.585,80.60280552,0.4254,5.0223,4.3297,4.0023,23.4799,0.5114
10/27/2024,Home vs Charlotte,Lilly,game, game,45592.504409676,45592.581460938,5702,5.0284,475.6099,,0,0.0,15.8824,85.15322568,6.4787,7.0534,4.5899,3.7021,351.8197,0.1368
10/27/2024,Home vs Charlotte,Jules,game, game,45592.504409676,45592.581460938,2202,2.5046,436.5057,,24,0.0,16.802,109.82885832,3.3857,6.2815,4.5482,4.9759,182.6165,0.436
10/27/2024,Home vs Charlotte,Cat,game, game,45592.504409676,45592.581460938,2741,2.8667,513.1098,,60,0.0,16.4044,100.98971928,3.8243,6.4356,4.5697,4.814,219.9205,0.3721
10/27/2024,Home vs Charlotte,KK,game, game,45592.504409676,45592.581460938,5702,5.6156,658.8497,,223,0.0,15.9868,95.09705136,7.5709,7.9334,5.0356,5.2582,499.7087,0.2736
10/27/2024,Home vs Charlotte,Gorji,game, game,45592.504409676,45592.581460938,3738,4.4531,703.5018,,58,0.0,15.7979,115.03280016,5.8978,6.2778,5.6889,5.234,326.0775,0.321
10/27/2024,Home vs Charlotte,Camille,game, game,45592.504409676,45592.581460938,3362,3.1862,659.4173,,3,0.0,17.0605,91.51287768,4.3204,7.2778,5.5186,4.0972,229.5804,0.4283
10/27/2024,Home vs Charlotte,Kallie,game, game,45592.504409676,45592.581460938,4093,5.0543,514.8803,,6,0.0,14.8484,119.23940592000001,6.8033,6.6801,5.0,6.4965,443.1687,0.1613
10/27/2024,Home vs Charlotte,Lauren,game, game,45592.504409676,45592.581460938,2421,2.9848,464.185,,0,0.0,15.1914,119.04747336,4.0773,6.3475,4.8667,5.2114,210.2782,0.3717
10/27/2024,Home vs Charlotte,Carsyn,game, game,45592.504409676,45592.581460938,3489,3.6155,739.2825,,54,0.0,15.5891,100.06297488,4.9194,5.8384,5.6845,4.833,281.0382,0.3611
10/27/2024,Home vs Charlotte,Kat,game, game,45592.504409676,45592.581460938,5702,5.4592,600.8446,,4,0.0,16.3745,92.44876608,7.0937,6.0223,5.0263,4.0482,384.7125,0.2315
10/27/2024,Home vs Charlotte,Sophie,game, game,45592.504409676,45592.581460938,1158,1.1166,210.9935,,6,0.0,15.7283,93.10951152,1.5501,5.9741,4.5926,4.5563,87.9365,0.3109
10/27/2024,Home vs Charlotte,Piper,game, game,45592.504409676,45592.581460938,1163,1.4026,496.3874,,1,0.0,17.3787,116.45185752,1.992,6.7778,4.7519,5.6189,108.9128,0.877
10/27/2024,Home vs Charlotte,Leah,game, game,45592.504409676,45592.581460938,4722,5.1945,401.9957,,1,0.0,15.4052,106.22283048,6.6711,6.4489,4.4768,4.5115,355.0534,0.1271
10/24/2024,away vs Memphis,Sophie,game, game,45589.797802581,45589.885652581,3572,3.2674,301.7806,,7,0.0,14.6446,88.3278396,3.8289,6.4001,4.9741,4.3357,258.1208,0.2016
10/24/2024,away vs Memphis,Jules,game, game,45589.797802581,45589.885652581,3668,3.8647,518.8414,,63,0.0,16.1807,101.73870432,4.4846,7.0075,5.0712,4.8858,298.6851,0.2944
10/24/2024,away vs Memphis,Kat,game, game,45589.797802581,45589.885652581,6528,5.9247,447.5588,,4,0.0,14.6446,87.63618744,6.7225,7.0627,4.7111,3.8348,417.2239,0.1287
10/24/2024,away vs Memphis,Kallie,game, game,45589.797802581,45589.885652581,549,0.6662,158.6369,,3,0.0,14.2022,117.17112456000001,0.8081,5.6566,4.9482,7.175,65.651,0.5464
10/24/2024,away vs Memphis,Lauren,game, game,45589.797802581,45589.885652581,975,0.9663,291.4438,,1,0.0,15.8377,95.69799504,1.1511,6.226,4.08,4.3513,70.7093,0.6769
10/24/2024,away vs Memphis,Allie,game, game,45589.797802581,45589.885652581,4889,5.2978,805.7073,,3,0.0,15.1616,104.63497488,6.2419,6.3926,4.5963,4.756,387.5325,0.2823
10/24/2024,away vs Memphis,Lilly,game, game,45589.797802581,45589.885652581,6528,5.8549,449.2889,,3,0.0,16.7076,86.60410415999999,6.6578,5.4312,5.0578,3.8724,421.3145,0.1287
10/24/2024,away vs Memphis,Leah,game, game,45589.797802581,45589.885652581,5320,5.7574,465.8986,,1,0.0,15.266,104.49909504,6.5069,7.1718,4.7637,4.5109,399.9675,0.1579
10/24/2024,away vs Memphis,Cat,game, game,45589.797802581,45589.885652581,5801,5.7364,658.1826,,75,0.0,15.5096,95.4848484,6.6297,5.9334,6.3031,4.405,425.8923,0.1862
10/24/2024,away vs Memphis,KK,game, game,45589.797802581,45589.885652581,5766,5.7297,538.0714,,202,0.0,16.7324,95.9521068,6.7059,6.5778,5.2286,5.2027,499.9769,0.1665
10/24/2024,away vs Memphis,Gorji,game, game,45589.797802581,45589.885652581,4395,4.8176,756.3232,,70,0.0,17.5228,105.84628056000001,5.6746,8.4356,5.1475,4.8475,355.0808,0.3549
10/24/2024,away vs Memphis,Camille,game, game,45589.797802581,45589.885652581,3492,3.5985,515.8963,,4,0.0,16.981,99.50692824000001,4.2586,8.8267,5.2283,4.4704,260.178,0.2749
10/24/2024,away vs Memphis,Piper,game, game,45589.797802581,45589.885652581,1136,1.3469,437.1301,,2,0.0,15.5145,114.48946368,1.6993,6.8647,4.4978,6.2792,118.8869,0.7394
10/24/2024,away vs Memphis,Naija,game, game,45589.797802581,45589.885652581,6011,5.8077,755.7862,,138,0.0,15.6537,93.29531759999999,6.8245,7.0425,5.56,4.4747,448.2931,0.1897
10/24/2024,away vs Memphis,Carsyn,game, game,45589.797802581,45589.885652581,2705,2.5984,381.4829,,30,0.0,16.3248,92.75371848,3.0818,5.8178,5.5637,4.2341,190.8882,0.3105
10/24/2024,away vs Memphis,Dayo,game, game,45589.797802581,45589.885652581,1476,1.4984,262.3177,,1,0.0,16.5137,98.02752047999999,1.7988,6.291,5.1512,4.5758,112.5658,0.3659
10/17/2024,Away vs FAU,Kat,game, game,45582.793552569,45582.877342315,6549,5.9856,573.1315,,1,0.0,15.0821,88.2542304,6.7286,6.5734,5.4263,3.8125,416.134,0.1557
10/17/2024,Away vs FAU,Sophie,game, game,45582.793552569,45582.877342315,4163,4.422,720.2789,,17,0.0,15.609,102.56797368000001,5.2963,8.4778,5.3482,5.1904,360.1293,0.3315
10/17/2024,Away vs FAU,Allie,game, game,45582.793552569,45582.877342315,4922,5.625,1177.7884,,6,0.0,16.1359,110.35143792,6.6845,7.4075,4.6788,5.0823,416.9188,0.451
10/17/2024,Away vs FAU,Carsyn,game, game,45582.793552569,45582.877342315,1772,1.9661,378.7478,,44,0.0,15.3157,107.13686472,2.398,6.1689,5.1956,5.1244,151.3406,0.4063
10/17/2024,Away vs FAU,Jules,game, game,45582.793552569,45582.877342315,2154,2.0759,381.4151,,43,0.0,15.4797,93.05784792,2.4438,6.4704,5.0788,4.6964,168.5991,0.3621
10/17/2024,Away vs FAU,Lauren,game, game,45582.793552569,45582.877342315,922,0.9845,214.0053,,1,0.0,15.0025,103.10463504,1.1623,5.7593,4.4445,4.7984,73.735,0.4555
10/17/2024,Away vs FAU,Naija,game, game,45582.793552569,45582.877342315,6549,6.963,1048.6692,,126,0.0,16.4988,102.66435143999999,8.1179,8.2801,5.5677,4.9085,535.7663,0.2749
10/17/2024,Away vs FAU,KK,game, game,45582.793552569,45582.877342315,6549,6.8926,828.2466,,309,0.0,15.3803,101.62751328,8.1477,6.9617,5.4037,5.5528,606.092,0.2382
10/17/2024,Away vs FAU,Leah,game, game,45582.793552569,45582.877342315,5985,6.5246,467.6178,,1,0.0,15.2262,105.26645952,7.3697,6.6001,4.5556,4.6675,465.585,0.1103
10/17/2024,Away vs FAU,Piper,game, game,45582.793552569,45582.877342315,926,1.005,248.2779,,7,0.0,14.5154,104.80221864,1.2214,6.4001,4.598,5.6037,86.4844,0.5184
10/17/2024,Away vs FAU,Lilly,game, game,45582.793552569,45582.877342315,6549,6.0891,553.0626,,2,0.0,16.126,89.77963248,6.9203,6.906,4.9172,4.0575,442.8771,0.1283
10/17/2024,Away vs FAU,Cat,game, game,45582.793552569,45582.877342315,5071,4.904,600.603,,95,0.0,17.2196,93.38108832,5.6316,7.297,5.3926,4.4453,375.6983,0.213
10/17/2024,Away vs FAU,Dayo,game, game,45582.793552569,45582.877342315,2243,1.8396,377.722,,2,0.0,20.8683,79.1943552,2.2312,7.729,5.3037,3.8342,143.3334,0.2675
10/17/2024,Away vs FAU,Kallie,game, game,45582.793552569,45582.877342315,5075,5.7312,500.5989,,17,0.0,14.1177,109.04558327999999,6.9214,6.0889,5.297,7.127,602.8222,0.0946
10/17/2024,Away vs FAU,Gorji,game, game,45582.793552569,45582.877342315,3031,3.1769,575.1557,,40,0.0,15.788,101.20844376000001,3.7464,8.6061,5.2889,4.8461,244.809,0.2771
10/17/2024,Away vs FAU,Mariana,game, game,45582.793552569,45582.877342315,422,0.3561,28.9282,,0,0.0,13.2328,81.47569176,0.3911,3.6,3.64,4.0442,28.4443,0.1422
10/17/2024,Away vs FAU,Camille,game, game,45582.793552569,45582.877342315,2256,2.3026,541.5961,,2,0.0,16.2155,98.55558648,2.7097,6.4038,4.8667,4.221,158.709,0.4787
10/13/2024,home vs UNT,Carsyn,game, game,45578.462753102,45578.543427164,5366,5.3527,703.294,,83,0.0,16.9512,96.32115864,6.7869,7.7374,6.4712,4.4995,402.4074,0.2013
10/13/2024,home vs UNT,Kallie,game, game,45578.462753102,45578.543427164,4524,5.3258,608.2845,,14,0.0,14.4756,113.67491616,6.8776,8.8445,5.4134,6.7175,506.4998,0.1857
10/13/2024,home vs UNT,Dayo,game, game,45578.462753102,45578.543427164,1961,1.6639,299.3703,,0,0.0,16.981,81.93033144,2.18,6.9423,5.2267,3.9857,130.2664,0.306
10/13/2024,home vs UNT,Jules,game, game,45578.462753102,45578.543427164,1763,1.5914,273.0274,,31,0.0,16.8418,87.1601508,2.0366,6.5423,4.1556,4.4719,131.4004,0.2042
10/13/2024,home vs UNT,Lilly,game, game,45578.462753102,45578.543427164,6043,5.5243,751.4905,,2,0.0,16.8319,88.27196975999999,6.7656,9.326,6.2304,3.8346,386.2113,0.2085
10/13/2024,home vs UNT,Kat,game, game,45578.462753102,45578.543427164,6043,5.5996,584.9939,,2,0.0,15.778,89.4758688,6.8005,7.3149,4.8978,3.9038,393.1813,0.1886
10/13/2024,home vs UNT,Naija,game, game,45578.462753102,45578.543427164,6043,6.3972,811.3722,,148,0.0,16.6082,102.22068456,7.9455,9.5678,5.6178,4.6809,471.4461,0.278
10/13/2024,home vs UNT,Camille,game, game,45578.462753102,45578.543427164,2941,3.1386,516.652,,0,0.0,17.8857,103.04986248,3.9425,7.0926,4.6707,4.4216,216.7306,0.2856
10/13/2024,home vs UNT,Taylor,game, game,45578.462753102,45578.543427164,4434,4.4702,747.2823,,6,0.0,16.7424,97.34967576,5.5676,6.5556,5.6845,4.1434,306.2005,0.2706
10/13/2024,home vs UNT,Gorji,game, game,45578.462753102,45578.543427164,3232,3.4165,645.4617,,40,0.0,14.4706,102.07282608,4.31,6.4364,4.8815,4.6161,248.654,0.3713
10/13/2024,home vs UNT,Piper,game, game,45578.462753102,45578.543427164,1155,1.5857,485.1571,,0,0.0,15.6388,132.57190656,2.1204,6.2445,4.3334,6.2654,120.6099,0.8312
10/13/2024,home vs UNT,Cat,game, game,45578.462753102,45578.543427164,4986,4.6294,456.5592,,81,0.0,15.6189,89.65399392,5.7414,5.9912,5.4344,4.3392,360.5889,0.1925
10/13/2024,home vs UNT,Sophie,game, game,45578.462753102,45578.543427164,3269,3.2425,539.971,,8,0.0,16.1508,95.7783708,4.1753,9.1823,5.4089,4.6775,254.8442,0.2753
10/13/2024,home vs UNT,KK,game, game,45578.462753102,45578.543427164,2895,2.9336,411.7464,,141,0.0,16.4839,97.8481152,3.7435,7.9423,6.1819,5.2401,252.8357,0.228
10/13/2024,home vs UNT,Allie,game, game,45578.462753102,45578.543427164,3435,3.9589,743.7193,,6,0.0,15.4201,111.28924656000001,5.0959,8.2801,5.6445,5.2569,300.958,0.3668
10/13/2024,home vs UNT,Mariana,game, game,45578.462753102,45578.543427164,242,0.1622,52.5184,,2,0.0,16.5535,64.72982736,0.2116,4.0845,3.7302,3.4238,13.8092,0.2479
10/13/2024,home vs UNT,Leah,game, game,45578.462753102,45578.543427164,5333,5.4129,421.1066,,1,0.0,14.5253,98.00813520000001,6.5071,7.1378,5.3023,4.1842,371.9089,0.1575
10/03/2024,Home vs Temple,Allie,game, game,45568.754030903,45568.837690903,3032,3.3984,531.0811,,3,0.0,16.3845,108.2292984,4.2371,6.7597,4.9245,5.2434,264.9658,0.277
10/03/2024,Home vs Temple,Taylor,game, game,45568.754030903,45568.837690903,4022,3.8438,595.1754,,3,0.0,15.8327,92.28225384,4.6703,8.3149,5.1023,4.0481,271.3546,0.1939
10/03/2024,Home vs Temple,Naija,game, game,45568.754030903,45568.837690903,6279,6.535,836.7724,,113,0.0,16.4342,100.49749776,7.8665,6.9011,5.8465,4.7363,495.6574,0.3058
10/03/2024,Home vs Temple,Gorji,game, game,45568.754030903,45568.837690903,2558,2.8571,475.9959,,31,0.0,16.4044,107.85274848,3.4466,5.7067,4.6223,4.7038,200.5396,0.4222
10/03/2024,Home vs Temple,Camille,game, game,45568.754030903,45568.837690903,3791,3.8937,820.085,,1,0.0,18.5568,99.17564112,4.7524,6.7778,5.363,4.1399,261.5708,0.4432
10/03/2024,Home vs Temple,GQ,game, game,45568.754030903,45568.837690903,430,0.5093,15.9481,,2,0.0,12.01,114.3713232,0.6116,5.0934,3.4963,5.8734,42.0924,0.0
10/03/2024,Home vs Temple,Leah,game, game,45568.754030903,45568.837690903,4823,4.8312,488.7956,,2,0.0,15.3903,96.72514056,5.6301,6.7223,4.0667,4.2603,342.4574,0.1866
10/03/2024,Home vs Temple,Dayo,game, game,45568.754030903,45568.837690903,1809,1.6066,255.6784,,0,0.0,15.8178,85.75627247999999,1.9645,7.9067,5.1556,4.0437,121.9181,0.2653
10/03/2024,Home vs Temple,Lilly,game, game,45568.754030903,45568.837690903,6279,5.6949,663.6824,,2,0.0,16.3894,87.57839736,6.6911,7.5815,5.6162,3.8585,403.7877,0.172
10/03/2024,Home vs Temple,Kat,game, game,45568.754030903,45568.837690903,6279,5.9301,461.4323,,3,0.0,15.1715,91.19576376,6.9877,7.6001,4.2667,3.9407,412.3902,0.1433
10/03/2024,Home vs Temple,Kallie,game, game,45568.754030903,45568.837690903,3557,4.162,381.5354,,8,0.0,15.3704,112.98317256,5.2197,7.0934,5.9378,7.0128,415.7403,0.0843
10/03/2024,Home vs Temple,Carsyn,game, game,45568.754030903,45568.837690903,2434,2.7433,508.3099,,69,0.0,16.3696,108.82996776,3.4486,4.9112,5.6045,5.5395,224.7182,0.4191
10/03/2024,Home vs Temple,KK,game, game,45568.754030903,45568.837690903,6279,6.4282,735.6649,,210,0.0,16.0017,98.85450383999999,7.8405,7.0182,5.52,5.109,534.6615,0.2676
10/03/2024,Home vs Temple,Piper,game, game,45568.754030903,45568.837690903,3256,3.9514,1147.7174,,3,0.0,17.4284,117.18365184000001,4.9803,5.6075,5.0556,5.3595,290.8433,0.6265
10/03/2024,Home vs Temple,Mariana,game, game,45568.754030903,45568.837690903,697,0.7594,78.2161,,8,0.0,13.2826,105.20729784,0.9288,5.3223,4.1867,5.3578,62.2397,0.1722
10/03/2024,Home vs Temple,Jules,game, game,45568.754030903,45568.837690903,1469,1.5382,222.0903,,20,0.0,14.9429,101.1088656,1.9223,6.3645,5.9467,4.9308,120.7215,0.3268
10/03/2024,Home vs Temple,Cat,game, game,45568.754030903,45568.837690903,4837,5.0457,700.0515,,89,0.0,15.8178,100.72765224,6.0835,4.9823,4.8223,4.8152,388.1862,0.1985
10/03/2024,Home vs Temple,Sophie,game, game,45568.754030903,45568.837690903,4238,3.9321,545.5987,,16,0.0,16.0763,89.59035168,4.9083,6.3435,5.6267,4.7866,338.0932,0.2265
09/29/2024,away vs UTSA,Allie,game, game,45564.5457686,45564.632451435,3259,3.0295,579.0982,,2,0.0,15.8128,89.76006432,3.6756,6.3482,5.6134,4.0933,222.3363,0.3314
09/29/2024,away vs UTSA,KK,game, game,45564.5457686,45564.632451435,6398,6.2324,622.3581,,200,0.0,16.8368,94.06121904,7.3874,6.9689,5.4061,5.0006,533.2303,0.1594
09/29/2024,away vs UTSA,Leah,game, game,45564.5457686,45564.632451435,6222,6.5084,444.6946,,2,0.0,16.8716,101.00617847999999,7.3297,7.3213,4.363,4.3484,450.9264,0.1254
09/29/2024,away vs UTSA,Taylor,game, game,45564.5457686,45564.632451435,3836,3.2862,629.132,,1,0.0,16.3845,82.72147032,3.8914,6.2371,4.9963,3.5459,226.7025,0.2972
09/29/2024,away vs UTSA,Kat,game, game,45564.5457686,45564.632451435,6398,5.5483,503.4138,,2,0.0,16.6927,83.73709439999999,6.3908,6.8623,4.5689,3.7348,398.2578,0.15
09/29/2024,away vs UTSA,Camille,game, game,45564.5457686,45564.632451435,3332,2.8945,311.2119,,4,0.0,17.7863,83.882484,3.3946,7.3496,5.2408,3.9169,217.5162,0.2161
09/29/2024,Goalies,Faith,game, game,45564.5457686,45564.632451435,6398,3.3813,19.2957,,0,0.0,12.1889,51.0317496,3.6666,6.4728,5.6202,2.2562,240.5846,0.0
09/29/2024,away vs UTSA,Piper,game, game,45564.5457686,45564.632451435,1989,1.8297,378.7871,,4,0.0,14.7391,88.82509032,2.2354,5.72,4.5823,4.3268,143.432,0.4525
09/29/2024,away vs UTSA,Dayo,game, game,45564.5457686,45564.632451435,3129,2.8228,415.4285,,10,0.0,17.1947,87.1121448,3.484,6.1778,5.7067,5.3795,280.5383,0.1918
09/29/2024,away vs UTSA,Carsyn,game, game,45564.5457686,45564.632451435,2560,2.721,506.8095,,63,0.0,15.8476,102.6349992,3.2742,6.2556,5.3512,4.9087,209.4371,0.3281
09/29/2024,away vs UTSA,Lauren,game, game,45564.5457686,45564.632451435,1526,1.6051,341.8439,,1,0.0,17.1053,101.56533408,1.961,6.3334,4.3823,4.5563,115.8831,0.3539
09/29/2024,away vs UTSA,Gorji,game, game,45564.5457686,45564.632451435,2549,2.5463,516.8631,,43,0.0,16.5435,96.45795288000001,3.0305,7.3667,5.1423,4.434,188.3711,0.3295
09/29/2024,away vs UTSA,Cat,game, game,45564.5457686,45564.632451435,5092,4.4444,516.687,,53,0.0,16.1011,84.28033944,5.207,6.8186,4.9593,3.9228,332.9165,0.1885
09/29/2024,away vs UTSA,Jules,game, game,45564.5457686,45564.632451435,2833,2.5814,390.1847,,38,0.0,16.812,87.9849396,3.0646,7.326,4.7467,4.2595,201.1191,0.2753
09/29/2024,away vs UTSA,Kallie,game, game,45564.5457686,45564.632451435,4337,5.1418,386.4905,,14,0.0,14.7341,114.47940528000001,6.1506,6.8578,4.6934,6.5676,474.7252,0.1245
09/29/2024,away vs UTSA,Naija,game, game,45564.5457686,45564.632451435,6398,6.4447,626.8277,,110,0.0,16.6728,97.26582528,7.5555,8.2038,5.2526,4.5189,481.8655,0.15
09/29/2024,away vs UTSA,Sophie,game, game,45564.5457686,45564.632451435,3832,3.4836,464.3096,,13,0.0,15.4897,87.7824,4.164,7.0506,4.7071,4.2123,269.0272,0.2349
09/29/2024,away vs UTSA,GQ,game, game,45564.5457686,45564.632451435,0,0.0,0.0,,0,0.0,0.0,0.0,0.0,0.0,0.0,0.0,0.0,0.0
09/29/2024,away vs UTSA,Lilly,game, game,45564.5457686,45564.632451435,6398,5.7505,599.0041,,2,0.0,16.0763,86.78771567999999,6.5852,6.2038,5.1112,3.8446,409.9575,0.1876
09/26/2024,home vs UAB,Jules,game, game,45561.754522581,45561.835749248,2975,3.1755,518.9989,,31,0.0,16.5187,103.06961352,4.0644,6.5667,5.32,4.9373,244.809,0.4235
09/26/2024,home vs UAB,KK,game, game,45561.755047986,45561.835879572,5973,6.1594,555.7879,,211,0.0,19.218,99.57349656000001,7.8921,7.3823,5.4978,5.2224,519.8918,0.1708
09/26/2024,home vs UAB,Lauren,game, game,45561.755047986,45561.835879572,3509,3.8137,521.2495,,1,0.0,16.0017,104.94495648,4.8879,6.4889,4.6963,4.7607,278.4211,0.2394
09/26/2024,home vs UAB,Leah,game, game,45561.755047986,45561.835879572,5759,6.263,322.6182,,0,0.0,14.6744,105.01097616,7.6661,7.3859,4.7334,4.7462,455.5574,0.1042
09/26/2024,home vs UAB,Taylor,game, game,45561.755047986,45561.835879572,3475,3.7613,644.9598,,4,0.0,16.5038,104.51527992,4.8846,6.594,5.8263,4.6007,266.4574,0.3281
09/26/2024,home vs UAB,Kallie,game, game,45561.755047986,45561.835879572,3892,4.2509,415.5609,,7,0.0,15.3406,105.46396992,5.5753,5.8267,5.5334,6.6931,434.1603,0.1233
09/26/2024,home vs UAB,Sophie,game, game,45561.755047986,45561.835879572,3491,3.798,605.2836,,10,0.0,17.145,105.05322144,5.0318,6.5213,5.3156,5.1767,301.1983,0.3094
09/26/2024,home vs UAB,Allie,game, game,45561.755047986,45561.835879572,3136,3.4482,701.5803,,2,0.0,15.9321,106.1723556,4.5033,7.9233,5.3112,5.0046,261.5712,0.3827
09/26/2024,home vs UAB,Kat,game, game,45561.755047986,45561.835879572,5973,5.9246,440.4132,,0,0.0,15.7581,95.77745639999999,7.3042,7.5874,5.3899,4.1359,411.7267,0.1306
09/26/2024,home vs UAB,Camille,game, game,45561.755047986,45561.835879572,3088,3.612,701.6099,,1,0.0,16.474,112.94687088,4.6775,7.7334,4.4926,4.7616,245.0629,0.4275
09/26/2024,home vs UAB,Cat,game, game,45561.755047986,45561.835879572,3852,4.2587,579.563,,62,0.0,15.9868,106.75674864,5.378,5.4142,5.5112,4.9811,319.7852,0.296
09/26/2024,home vs UAB,Carsyn,game, game,45561.755047986,45561.835879572,3813,4.4016,585.1481,,92,0.0,16.7424,111.46581719999999,5.6788,7.0578,5.398,5.2387,332.9217,0.299
09/26/2024,home vs UAB,Dayo,game, game,45561.755047986,45561.835879572,2629,2.3867,448.9499,,1,0.0,16.4342,87.66115056,3.1042,7.3556,4.8606,4.0126,175.8191,0.3195
09/26/2024,home vs UAB,Naija,game, game,45561.755047986,45561.835879572,5973,6.5991,582.5103,,142,0.0,15.0324,106.68313944,8.4247,9.3556,5.6978,5.1695,514.6245,0.2009
09/26/2024,home vs UAB,Lilly,game, game,45561.755047986,45561.835879572,5973,5.4445,401.2499,,0,0.0,16.126,88.01685216,6.6803,6.8038,5.0623,3.9036,388.601,0.1406
09/19/2024,Away vs USF,Kallie,game, game,45554.792329826,45554.877503021,4359,5.0733,605.9092,,11,0.0,14.7838,112.38314328,5.9434,5.8263,5.798,5.9866,434.9276,0.1927
09/19/2024,Away vs USF,Lilly,game, game,45554.792329826,45554.877503021,6063,5.8693,806.9158,,1,0.0,17.0208,93.47508864,6.671,7.1815,5.2297,4.1659,420.9596,0.2375
09/19/2024,Away vs USF,Taylor,game, game,45554.792329826,45554.877503021,3288,3.5237,760.4537,,2,0.0,16.7822,103.48356240000001,4.0993,7.0889,5.3112,4.4901,246.0558,0.4197
09/19/2024,Away vs USF,KK,game, game,45554.792329826,45554.877503021,6308,6.6697,930.5943,,235,0.0,16.7523,102.09742344,7.8026,6.5645,5.2849,5.2255,549.3779,0.2949
09/19/2024,Away vs USF,Jules,game, game,45554.792329826,45554.877503021,3030,2.7723,378.0216,,51,0.0,18.6214,88.34914512,3.2488,7.5001,4.6186,4.486,226.542,0.1782
09/19/2024,Away vs USF,Gorji,game, game,45554.792329826,45554.877503021,4174,4.4087,916.5753,,47,0.0,17.672,101.98915848,5.1218,7.4371,4.8045,4.4063,306.531,0.4312
09/19/2024,Away vs USF,Piper,game, game,45554.792329826,45554.877503021,2015,2.6182,650.2889,,0,0.0,15.8426,125.46646992000001,3.082,5.663,4.2263,5.2238,175.4319,0.7146
09/19/2024,Away vs USF,Allie,game, game,45554.792329826,45554.877503021,2557,2.9806,796.7244,,4,0.0,16.0266,112.55550768,3.5729,5.9879,5.4748,5.0204,213.9533,0.5632
09/19/2024,Away vs USF,Sophie,game, game,45554.792329826,45554.877503021,2509,2.2628,450.3552,,8,0.0,15.4002,87.08635871999999,2.7105,7.7245,4.7314,4.7942,200.4786,0.3587
09/19/2024,Away vs USF,Cat,game, game,45554.792329826,45554.877503021,5311,4.9608,514.8978,,43,0.0,15.8675,90.19376424000001,5.6568,5.3778,4.4364,4.1338,365.9086,0.2034
09/19/2024,Away vs USF,Camille,game, game,45554.792329826,45554.877503021,4338,4.4073,891.6323,,4,0.0,17.7565,98.10213551999999,5.1519,6.8852,5.8223,4.2344,306.1461,0.3181
09/19/2024,Away vs USF,Dayo,game, game,45554.792329826,45554.877503021,2679,2.4179,567.1112,,1,0.0,17.2494,87.14798928,2.8955,6.8712,5.9758,4.0478,180.7329,0.2912
09/19/2024,Away vs USF,Naija,game, game,45554.792329826,45554.877503021,5850,6.3954,766.8196,,139,0.0,15.1914,105.56345664,7.4438,7.7512,5.697,4.8575,473.6032,0.1846
09/19/2024,Away vs USF,Kat,game, game,45554.792329826,45554.877503021,6542,6.397,663.8825,,5,0.0,16.9114,94.41984672,7.2278,9.0816,4.5023,4.0552,442.1502,0.1651
09/19/2024,Away vs USF,Mariana,game, game,45554.792329826,45554.877503021,2660,2.3902,352.8653,,34,0.0,15.4499,86.76759888,2.7937,4.7926,4.8606,4.702,208.4568,0.2707
09/19/2024,Away vs USF,Carsyn,game, game,45554.792329826,45554.877503021,4648,4.7963,852.9108,,92,0.0,16.3447,99.64116216000001,5.6146,7.2815,4.7778,4.7072,364.6512,0.284
09/19/2024,Away vs USF,Lauren,game, game,45554.792329826,45554.877503021,1264,1.2549,287.9781,,0,0.0,15.4698,95.86267848,1.4705,6.3601,4.2586,4.3526,91.6955,0.3797
09/19/2024,Away vs USF,Leah,game, game,45554.792329826,45554.877503021,5807,6.6251,680.0078,,0,0.0,15.6289,110.16362016,7.375,7.0038,5.1852,4.7666,461.3309,0.2376
09/12/2024,home vs Tulsa,Carsyn,game, game,45547.754085104,45547.832741505,3545,4.1164,810.9053,,103,0.0,17.7167,112.123728,5.4942,6.5038,6.4593,5.4377,321.2782,0.4062
09/12/2024,home vs Tulsa,KK,game, game,45547.754085104,45547.832741505,5829,5.5783,712.815,,227,0.0,16.5336,92.40688656,7.2961,7.2845,5.1112,4.7669,463.1041,0.2059
09/12/2024,home vs Tulsa,Kallie,game, game,45547.754085104,45547.832741505,3556,3.73,264.7094,,14,0.0,14.9031,101.28680784000001,4.98,6.2186,5.2445,6.1978,367.3217,0.0506
09/12/2024,home vs Tulsa,Dayo,game, game,45547.754085104,45547.832741505,3199,3.0794,495.4469,,5,0.0,17.2295,92.95004016,4.165,7.1334,5.6089,5.307,282.9521,0.3376
09/12/2024,home vs Tulsa,Lauren,game, game,45547.754085104,45547.832741505,512,0.4876,177.9653,,0,0.0,15.9073,91.95270407999999,0.6483,4.2045,4.08,4.1216,35.1714,0.7031
09/12/2024,home vs Tulsa,Leah,game, game,45547.754085104,45547.832741505,5046,5.7615,521.0953,,2,0.0,15.5991,110.25231696,7.2527,8.1778,4.8243,4.9158,413.4208,0.2259
09/12/2024,home vs Tulsa,Mariana,game, game,45547.754085104,45547.832741505,882,0.8722,144.9449,,2,0.0,15.5742,95.49070056000001,1.1458,5.7415,3.9758,4.9928,73.3936,0.2721
09/12/2024,home vs Tulsa,Naija,game, game,45547.754085104,45547.832741505,5829,6.5743,854.8312,,148,0.0,17.1102,108.90632015999999,8.5541,9.0045,5.5512,5.1236,497.7541,0.2882
09/12/2024,home vs Tulsa,Taylor,game, game,45547.754085104,45547.832741505,2795,3.0634,567.3703,,1,0.0,16.5336,105.83475912,3.9988,6.0934,5.0182,4.5461,211.7726,0.322
09/12/2024,home vs Tulsa,Lilly,game, game,45547.754085104,45547.832741505,5829,5.1854,507.423,,2,0.0,16.9114,85.8982788,6.5263,6.4401,5.3172,3.8726,376.2274,0.1441
09/12/2024,home vs Tulsa,Piper,game, game,45547.754085104,45547.832741505,3813,4.1451,902.4153,,1,0.0,15.609,104.97193127999999,5.5517,6.8267,5.5556,4.7094,299.2844,0.4721
09/12/2024,home vs Tulsa,Cat,game, game,45547.754085104,45547.832741505,4093,4.1411,553.0615,,93,0.0,16.9512,97.69486176,5.4049,6.0852,5.0074,4.688,319.7981,0.3078
09/12/2024,home vs Tulsa,Allie,game, game,45547.754085104,45547.832741505,2987,2.8866,495.3747,,4,0.0,15.6836,93.31607448,3.8215,6.0162,4.7596,4.3607,217.0903,0.3415
09/12/2024,home vs Tulsa,Jules,game, game,45547.754085104,45547.832741505,2608,2.4719,388.8658,,32,0.0,16.1011,91.5213816,3.2193,5.4489,5.3467,4.2944,186.6628,0.2991
09/12/2024,home vs Tulsa,Kat,game, game,45547.754085104,45547.832741505,5829,5.2698,496.8861,,4,0.0,16.8368,87.2963964,6.5926,8.729,5.2556,3.7356,362.9153,0.1441
09/12/2024,home vs Tulsa,Camille,game, game,45547.754085104,45547.832741505,4109,3.754,564.3913,,2,0.0,17.7664,88.21792871999999,4.9906,7.6001,6.2829,3.8946,266.7133,0.292
09/12/2024,home vs Tulsa,Gorji,game, game,45547.754085104,45547.832741505,2969,3.2214,585.2574,,31,0.0,17.846,104.76975744,4.2294,8.409,5.293,4.5706,226.1674,0.2627
09/12/2024,home vs Tulsa,Sophie,game, game,45547.754085104,45547.832741505,2651,1.9582,331.5388,,5,0.0,15.8377,71.3264004,2.5959,6.2134,4.8267,3.7863,167.2924,0.1811
09/08/2024,home vs SHSU,Kallie,game, game,45543.794858912,45543.874475104,2985,3.5521,281.3541,,8,0.0,14.8534,114.90524136,4.6486,5.9334,5.1867,6.4759,322.1762,0.1809
09/08/2024,home vs SHSU,Piper,game, game,45543.794858912,45543.874475104,1656,1.6946,216.6223,,1,0.0,13.8045,98.81070408,2.2416,5.8869,4.7734,4.7827,132.003,0.2536
09/08/2024,home vs SHSU,Naija,game, game,45543.794858912,45543.874475104,5913,6.8941,690.0756,,132,0.0,17.836,112.58147663999999,8.8961,8.9927,5.8623,5.3799,530.1925,0.2334
09/08/2024,home vs SHSU,Sophie,game, game,45543.794858912,45543.874475104,1204,1.2069,158.825,,8,0.0,15.7581,96.78997152000001,1.5919,5.3556,4.4122,5.0303,100.9405,0.1495
09/08/2024,home vs SHSU,Carsyn,game, game,45543.794858912,45543.874475104,4081,4.7252,948.2069,,97,0.0,17.3687,111.80332224,6.1744,7.5556,4.8489,5.2641,358.0491,0.4411
09/08/2024,home vs SHSU,Leah,game, game,45543.794858912,45543.874475104,5089,5.7962,449.0866,,0,0.0,15.8377,109.97982576,7.2891,6.2401,5.68,4.9459,419.4964,0.1061
09/08/2024,home vs SHSU,Lauren,game, game,45543.794858912,45543.874475104,1759,2.0413,435.8506,,3,0.0,15.7184,112.05907992,2.7051,5.5075,5.0021,5.347,156.7549,0.614
09/08/2024,home vs SHSU,Allie,game, game,45543.794858912,45543.874475104,3722,4.1485,642.3362,,5,0.0,16.8716,107.62634304,5.4558,6.5112,5.2489,4.9877,309.4038,0.3063
09/08/2024,home vs SHSU,Cat,game, game,45543.794858912,45543.874475104,3844,4.56,670.0439,,127,0.0,17.4284,114.54761952,5.9872,7.3956,4.8578,5.734,367.3577,0.281
09/08/2024,home vs SHSU,Jules,game, game,45543.794858912,45543.874475104,3612,3.6486,489.4692,,38,0.0,15.3058,97.53868224,4.7848,8.0482,4.9,4.6487,279.8529,0.3156
09/08/2024,home vs SHSU,KK,game, game,45543.794858912,45543.874475104,5912,6.2955,749.8774,,260,0.0,16.131,102.82510296000001,8.2214,7.326,5.3912,5.5112,543.0387,0.2436
09/08/2024,home vs SHSU,Camille,game, game,45543.794858912,45543.874475104,3767,3.3242,731.7038,,2,0.0,17.1798,85.21010136,4.3647,7.6482,4.6667,3.808,239.0802,0.3504
09/08/2024,home vs SHSU,Kat,game, game,45543.794858912,45543.874475104,5907,5.9739,655.9068,,1,0.0,16.295,97.65444528,7.5166,7.2809,4.198,4.1613,409.6817,0.2031
09/08/2024,home vs SHSU,Lilly,game, game,45543.794858912,45543.874475104,5913,5.9332,702.9736,,4,0.0,16.0912,96.89000688,7.5015,6.8489,4.8556,4.3577,429.4544,0.2334
09/08/2024,home vs SHSU,Gorji,game, game,45543.794858912,45543.874475104,3570,4.3009,772.1521,,66,0.0,15.9222,116.33024232,5.5885,7.6566,4.6741,5.2629,313.1437,0.3697
09/08/2024,home vs SHSU,Taylor,game, game,45543.794858912,45543.874475104,2552,2.7793,564.2393,,5,0.0,16.0564,105.16294943999999,3.7724,7.889,5.326,4.9999,212.6611,0.3527
09/08/2024,home vs SHSU,Dayo,game, game,45543.794858912,45543.874475104,3231,2.9529,567.436,,9,0.0,17.5875,88.25020704,4.0227,7.326,5.8408,5.1138,275.3756,0.3714
09/08/2024,home vs SHSU,Carsyn,game, game,45543.794858912,45543.874475104,4081,4.7252,948.2069,,97,0.0,17.3687,111.80332224,6.1744,7.5556,4.8489,5.2641,358.0491,0.4411
09/08/2024,home vs SHSU,Piper,game, game,45543.794858912,45543.874475104,1656,1.6946,216.6223,,1,0.0,13.8045,98.81070408,2.2416,5.8869,4.7734,4.7827,132.003,0.2536
09/08/2024,home vs SHSU,Naija,game, game,45543.794858912,45543.874475104,5913,6.8941,690.0756,,132,0.0,17.836,112.58147663999999,8.8961,8.9927,5.8623,5.3799,530.1925,0.2334
09/08/2024,home vs SHSU,Sophie,game, game,45543.794858912,45543.874475104,1204,1.2069,158.825,,8,0.0,15.7581,96.78997152000001,1.5919,5.3556,4.4122,5.0303,100.9405,0.1495
09/08/2024,home vs SHSU,Kallie,game, game,45543.794858912,45543.874475104,2985,3.5521,281.3541,,8,0.0,14.8534,114.90524136,4.6486,5.9334,5.1867,6.4759,322.1762,0.1809
09/08/2024,home vs SHSU,Leah,game, game,45543.794858912,45543.874475104,5089,5.7962,449.0866,,0,0.0,15.8377,109.97982576,7.2891,6.2401,5.68,4.9459,419.4964,0.1061
09/08/2024,home vs SHSU,Gorji,game, game,45543.794858912,45543.874475104,3570,4.3009,772.1521,,66,0.0,15.9222,116.33024232,5.5885,7.6566,4.6741,5.2629,313.1437,0.3697
09/08/2024,home vs SHSU,Taylor,game, game,45543.794858912,45543.874475104,2552,2.7793,564.2393,,5,0.0,16.0564,105.16294943999999,3.7724,7.889,5.326,4.9999,212.6611,0.3527
09/08/2024,home vs SHSU,Dayo,game, game,45543.794858912,45543.874475104,3231,2.9529,567.436,,9,0.0,17.5875,88.25020704,4.0227,7.326,5.8408,5.1138,275.3756,0.3714
09/08/2024,home vs SHSU,Camille,game, game,45543.794858912,45543.874475104,3767,3.3242,731.7038,,2,0.0,17.1798,85.21010136,4.3647,7.6482,4.6667,3.808,239.0802,0.3504
09/08/2024,home vs SHSU,Kat,game, game,45543.794858912,45543.874475104,5907,5.9739,655.9068,,1,0.0,16.295,97.65444528,7.5166,7.2809,4.198,4.1613,409.6817,0.2031
09/08/2024,home vs SHSU,Lilly,game, game,45543.794858912,45543.874475104,5913,5.9332,702.9736,,4,0.0,16.0912,96.89000688,7.5015,6.8489,4.8556,4.3577,429.4544,0.2334
09/08/2024,home vs SHSU,KK,game, game,45543.794858912,45543.874475104,5912,6.2955,749.8774,,260,0.0,16.131,102.82510296000001,8.2214,7.326,5.3912,5.5112,543.0387,0.2436
09/08/2024,home vs SHSU,Jules,game, game,45543.794858912,45543.874475104,3612,3.6486,489.4692,,38,0.0,15.3058,97.53868224,4.7848,8.0482,4.9,4.6487,279.8529,0.3156
09/08/2024,home vs SHSU,Cat,game, game,45543.794858912,45543.874475104,3844,4.56,670.0439,,127,0.0,17.4284,114.54761952,5.9872,7.3956,4.8578,5.734,367.3577,0.281
09/08/2024,home vs SHSU,Gorji,game, game,45543.794858912,45543.874475104,3570,4.3009,772.1521,,66,0.0,15.9222,116.33024232,5.5885,7.6566,4.6741,5.2629,313.1437,0.3697
09/08/2024,home vs SHSU,Dayo,game, game,45543.794858912,45543.874475104,3231,2.9529,567.436,,9,0.0,17.5875,88.25020704,4.0227,7.326,5.8408,5.1138,275.3756,0.3714
09/08/2024,home vs SHSU,Taylor,game, game,45543.794858912,45543.874475104,2552,2.7793,564.2393,,5,0.0,16.0564,105.16294943999999,3.7724,7.889,5.326,4.9999,212.6611,0.3527
09/08/2024,home vs SHSU,Piper,game, game,45543.794858912,45543.874475104,1656,1.6946,216.6223,,1,0.0,13.8045,98.81070408,2.2416,5.8869,4.7734,4.7827,132.003,0.2536
09/08/2024,home vs SHSU,Allie,game, game,45543.794858912,45543.874475104,3722,4.1485,642.3362,,5,0.0,16.8716,107.62634304,5.4558,6.5112,5.2489,4.9877,309.4038,0.3063
09/08/2024,home vs SHSU,Naija,game, game,45543.794858912,45543.874475104,5913,6.8941,690.0756,,132,0.0,17.836,112.58147663999999,8.8961,8.9927,5.8623,5.3799,530.1925,0.2334
09/08/2024,home vs SHSU,Sophie,game, game,45543.794858912,45543.874475104,1204,1.2069,158.825,,8,0.0,15.7581,96.78997152000001,1.5919,5.3556,4.4122,5.0303,100.9405,0.1495
09/08/2024,home vs SHSU,Carsyn,game, game,45543.794858912,45543.874475104,4081,4.7252,948.2069,,97,0.0,17.3687,111.80332224,6.1744,7.5556,4.8489,5.2641,358.0491,0.4411
09/08/2024,home vs SHSU,Kallie,game, game,45543.794858912,45543.874475104,2985,3.5521,281.3541,,8,0.0,14.8534,114.90524136,4.6486,5.9334,5.1867,6.4759,322.1762,0.1809
09/08/2024,home vs SHSU,Leah,game, game,45543.794858912,45543.874475104,5089,5.7962,449.0866,,0,0.0,15.8377,109.97982576,7.2891,6.2401,5.68,4.9459,419.4964,0.1061
09/08/2024,home vs SHSU,Lauren,game, game,45543.794858912,45543.874475104,1759,2.0413,435.8506,,3,0.0,15.7184,112.05907992,2.7051,5.5075,5.0021,5.347,156.7549,0.614
09/08/2024,home vs SHSU,Lilly,game, game,45543.794858912,45543.874475104,5913,5.9332,702.9736,,4,0.0,16.0912,96.89000688,7.5015,6.8489,4.8556,4.3577,429.4544,0.2334
09/08/2024,home vs SHSU,Kat,game, game,45543.794858912,45543.874475104,5907,5.9739,655.9068,,1,0.0,16.295,97.65444528,7.5166,7.2809,4.198,4.1613,409.6817,0.2031
09/08/2024,home vs SHSU,Camille,game, game,45543.794858912,45543.874475104,3767,3.3242,731.7038,,2,0.0,17.1798,85.21010136,4.3647,7.6482,4.6667,3.808,239.0802,0.3504
09/08/2024,home vs SHSU,KK,game, game,45543.794858912,45543.874475104,5912,6.2955,749.8774,,260,0.0,16.131,102.82510296000001,8.2214,7.326,5.3912,5.5112,543.0387,0.2436
09/08/2024,home vs SHSU,Jules,game, game,45543.794858912,45543.874475104,3612,3.6486,489.4692,,38,0.0,15.3058,97.53868224,4.7848,8.0482,4.9,4.6487,279.8529,0.3156
09/08/2024,home vs SHSU,Lauren,game, game,45543.794858912,45543.874475104,1759,2.0413,435.8506,,3,0.0,15.7184,112.05907992,2.7051,5.5075,5.0021,5.347,156.7549,0.614
09/08/2024,home vs SHSU,Allie,game, game,45543.794858912,45543.874475104,3722,4.1485,642.3362,,5,0.0,16.8716,107.62634304,5.4558,6.5112,5.2489,4.9877,309.4038,0.3063
09/08/2024,home vs SHSU,Cat,game, game,45543.794858912,45543.874475104,3844,4.56,670.0439,,127,0.0,17.4284,114.54761952,5.9872,7.3956,4.8578,5.734,367.3577,0.281
09/05/2024,home vs ULL,Gorji,game, game,45540.753657407,45540.833187882,4133,3.6683,582.1647,,44,0.0,16.2503,85.70360304,4.6557,7.1718,4.6182,4.0254,277.2831,0.2323
09/05/2024,home vs ULL,Dayo,game, game,45540.753657407,45540.833187882,4545,3.9174,653.8027,,8,0.0,16.1558,83.22759072,5.1496,6.4578,6.3912,4.6448,351.8409,0.2508
09/05/2024,home vs ULL,Camille,game, game,45540.753657407,45540.833187882,2790,1.406,281.0687,,0,0.0,17.6571,48.661807679999995,1.7855,5.2934,5.2889,2.5658,119.3103,0.172
09/05/2024,home vs ULL,Sophie,game, game,45540.753657407,45540.833187882,1251,1.1829,171.7569,,10,0.0,14.1276,91.30704624,1.5455,6.1,5.2809,4.5519,94.9074,0.1918
09/05/2024,home vs ULL,Naija,game, game,45540.753657407,45540.833187882,4157,4.9071,784.2868,,88,0.0,17.4135,113.98526352,6.3051,8.6223,4.8202,5.2729,365.3214,0.3608
09/05/2024,home vs ULL,Lilly,game, game,45540.753657407,45540.833187882,5946,5.6559,554.3979,,1,0.0,15.3555,91.8496512,7.1113,6.4045,5.0,4.1273,409.0107,0.1715
09/05/2024,home vs ULL,Carsyn,game, game,45540.753657407,45540.833187882,5229,6.0903,831.1119,,93,0.0,16.1061,112.46543928,7.7844,6.5334,4.763,5.2629,458.665,0.3098
09/05/2024,home vs ULL,Leah,game, game,45540.753657407,45540.833187882,5755,6.3737,607.4336,,2,0.0,15.0672,106.94118311999999,7.8691,6.8787,4.7297,4.6648,447.4364,0.1877
09/05/2024,home vs ULL,Lauren,game, game,45540.753657407,45540.833187882,2182,2.0476,331.2457,,2,0.0,15.7581,90.61429679999999,2.6573,5.7778,4.8606,4.4502,161.8401,0.22
09/05/2024,home vs ULL,Kallie,game, game,45540.753657407,45540.833187882,2610,2.9526,325.665,,10,0.0,15.3207,109.23431544,3.8593,6.5815,4.8243,5.9887,260.5092,0.2529
09/05/2024,home vs ULL,Cat,game, game,45540.753657407,45540.833187882,4559,4.5539,509.9197,,99,0.0,16.7474,96.453198,5.8093,6.2963,5.1556,4.8468,368.2724,0.1843
09/05/2024,home vs ULL,Kat,game, game,45540.753657407,45540.833187882,5946,5.7901,557.6755,,0,0.0,16.4789,94.02830064,7.2003,6.3912,4.5859,4.103,406.6122,0.1816
09/05/2024,home vs ULL,Piper,game, game,45540.753657407,45540.833187882,2696,2.8279,669.8722,,2,0.0,15.2511,101.28315024,3.7512,5.3823,4.8756,5.0139,225.2911,0.4228
09/05/2024,home vs ULL,KK,game, game,45540.753657407,45540.833187882,5946,6.1827,689.5572,,201,0.0,16.3049,100.40468616,7.9437,5.5408,4.5704,5.2003,515.346,0.222
09/05/2024,home vs ULL,Jules,game, game,45540.753657407,45540.833187882,3562,3.2043,558.698,,52,0.0,16.802,86.86306224,4.1364,6.5645,5.0704,4.3643,259.0927,0.32
09/05/2024,home vs ULL,Allie,game, game,45540.753657407,45540.833187882,2163,2.1196,278.3566,,3,0.0,15.947,94.62467232,2.7144,6.0297,4.4,4.3344,156.2536,0.1942
09/05/2024,home vs ULL,Taylor,game, game,45540.753657407,45540.833187882,3437,3.1277,412.8575,,1,0.0,15.7482,87.87228551999999,3.9982,6.5112,5.16,4.0476,231.8607,0.2444
09/01/2024,extras,Bailey,game, training,45536.458631574,45536.557288738,5977,0.4795,27.5087,,1,0.0,13.4963,7.74606528,0.3972,3.5798,4.4178,1.1147,111.0391,0.0201
09/01/2024,extras,Piper,game, training,45536.458631574,45536.557288738,5977,0.4244,0.0,,0,0.0,7.6156,6.85562256,0.3445,0.0,3.2222,0.626,62.3588,0.0
09/01/2024,extras,Ally,game, training,45536.458631574,45536.557288738,5977,0.2318,0.0,,0,0.0,5.324,3.74455944,0.1871,0.0,0.0,0.2823,28.1199,0.0
09/01/2024,home vs Tx Southern,Cat,game, game,45536.458631574,45536.557288738,4879,3.4571,432.7732,,68,0.0,16.0464,68.41970568,3.3161,7.1201,5.1734,3.4451,280.1413,0.1353
09/01/2024,home vs Tx Southern,Jules,game, game,45536.458631574,45536.557288738,3120,2.4559,305.8029,,26,0.0,16.8418,76.00602528,2.3841,5.6356,4.9037,3.8856,202.049,0.2115
09/01/2024,home vs Tx Southern,Sophie,game, game,45536.458631574,45536.557288738,4183,2.747,219.6122,,13,0.0,14.0531,63.411171120000006,2.6788,7.0593,4.7,3.3465,233.3082,0.0861
09/01/2024,home vs Tx Southern,Leah,game, game,45536.458631574,45536.557288738,5949,5.2382,272.742,,2,0.0,14.0779,85.02283224,4.8694,7.6815,5.163,3.8941,386.0965,0.0706
09/01/2024,home vs Tx Southern,Mariana,game, game,45536.458631574,45536.557288738,1996,1.1487,93.9706,,35,0.0,15.2063,55.56872808,1.0665,4.5037,4.026,3.2081,106.7224,0.0601
09/01/2024,home vs Tx Southern,KK,game, game,45536.458631574,45536.557288738,5913,4.958,541.1171,,132,0.0,16.8468,80.96591376,4.7332,6.3289,5.2778,4.2176,415.6459,0.1421
09/01/2024,home vs Tx Southern,Taylor,game, game,45536.458631574,45536.557288738,3197,2.8444,389.1228,,0,0.0,15.6686,85.91007456,2.7807,6.1223,4.626,3.8148,203.2671,0.2252
09/01/2024,home vs Tx Southern,Camille,game, game,45536.458631574,45536.557288738,4579,3.3473,414.2201,,3,0.0,16.295,70.58774808,3.2573,9.0045,5.6149,3.4206,261.0455,0.0917
09/01/2024,home vs Tx Southern,Naija,game, game,45536.458631574,45536.557288738,3547,3.0224,446.9245,,58,0.0,15.778,82.279998,2.9464,6.3371,5.7149,3.9186,231.6518,0.2537
09/01/2024,home vs Tx Southern,Kat,game, game,45536.458631574,45536.557288738,5972,4.8095,503.0311,,2,0.0,16.126,77.76359352,4.4733,6.8186,5.3482,3.3249,330.9358,0.1608
09/01/2024,home vs Tx Southern,GQ,game, game,45536.458631574,45536.557288738,2173,1.79,222.1767,,9,0.0,14.2271,79.53935831999999,1.7193,6.1512,4.6445,3.9673,143.6818,0.2209
09/01/2024,home vs Tx Southern,Kallie,game, game,45536.458631574,45536.557288738,3317,2.9277,290.5919,,13,0.0,14.0779,85.22646912,2.8743,6.6178,5.5233,4.7141,260.6106,0.1628
09/01/2024,home vs Tx Southern,Carsyn,game, game,45536.458631574,45536.557288738,5972,4.5649,524.7513,,62,0.0,18.6214,73.80890496,4.3064,7.063,5.3536,3.6837,366.6551,0.1005
09/01/2024,home vs Tx Southern,Lauren,game, game,45536.458631574,45536.557288738,2692,1.8709,326.693,,3,0.0,15.6488,67.10653583999999,1.8285,5.8223,4.4741,3.431,153.9365,0.2452
09/01/2024,home vs Tx Southern,Dayo,game, game,45536.458631574,45536.557288738,3390,2.0955,298.1903,,5,0.0,17.7714,59.686911359999996,2.0829,5.7423,4.9837,3.6358,205.4231,0.1593
09/01/2024,home vs Tx Southern,Allie,game, game,45536.458631574,45536.557288738,3351,2.9879,500.7553,,6,0.0,15.3952,86.097618,2.9382,7.495,5.5516,4.1266,230.473,0.2328
09/01/2024,home vs Tx Southern,Lilly,game, game,45536.458631574,45536.557288738,5923,4.4653,461.8785,,1,0.0,17.15,72.79620696,4.1672,6.0604,5.0845,3.3259,328.3169,0.1418
09/01/2024,home vs Tx Southern,Gorji,game, game,45536.458631574,45536.557288738,3365,2.7272,308.1334,,31,0.0,17.0655,78.25764384,2.6161,6.6845,4.9778,3.6461,204.4847,0.1783
08/29/2024,extras,GQ,game, training,45533.774270833,45533.858344907,6226,0.4819,43.0718,,3,0.0,13.7697,7.47421416,0.5427,0.0,4.6534,0.6274,65.1079,0.0193
08/29/2024,extras,Mariana,game, training,45533.774270833,45533.858344907,6226,0.3928,29.8227,,3,0.0,13.6703,6.09164136,0.423,3.6297,4.6263,0.6347,65.8563,0.0193
08/29/2024,extras,Nat,game, training,45533.774270833,45533.858344907,6226,0.3508,0.0,,8,0.0,7.6951,5.43985704,0.3558,0.0,0.0,0.7933,82.3187,0.0
08/29/2024,extras,Bailey,game, training,45533.774270833,45533.858344907,6226,0.4921,58.9237,,1,0.0,14.749,7.631856719999999,0.541,3.4667,4.6889,1.1768,122.1174,0.0289
08/29/2024,extras,Ally,game, training,45533.774270833,45533.858344907,6226,0.3046,37.2232,,3,0.0,14.416,4.72443048,0.3393,3.8311,5.0756,0.3763,39.0438,0.0193
08/29/2024,home vs Lamar,Naija,game, game,45533.774270833,45533.858344907,6226,4.4919,860.3747,,107,0.0,17.1102,69.66566712,5.5754,8.9937,5.6756,3.3414,346.7287,0.2506
08/29/2024,home vs Lamar,Leah,game, game,45533.774270833,45533.858344907,6226,6.0433,214.8681,,0,0.0,14.3364,93.72636576,7.0827,6.5683,5.1778,4.2513,441.1477,0.0867
08/29/2024,home vs Lamar,Camille,game, game,45533.774270833,45533.858344907,6226,3.3973,591.035,,1,0.0,16.3546,52.68946536,4.1621,6.7799,5.4,2.7476,285.106,0.1542
08/29/2024,home vs Lamar,Allie,game, game,45533.774270833,45533.858344907,6226,4.2778,822.8715,,7,0.0,16.0017,66.34502352,5.2549,5.9223,4.8081,3.3377,346.3424,0.212
08/29/2024,home vs Lamar,Carsyn,game, game,45533.774270833,45533.858344907,6226,6.5222,423.3419,,135,0.0,15.4599,101.15421984,7.8044,7.7912,5.5704,4.7633,494.2732,0.0964
08/29/2024,home vs Lamar,Jules,game, game,45533.774270833,45533.858344907,6226,3.7442,419.7866,,28,0.0,16.1707,58.0703436,4.546,6.7601,4.497,3.063,317.8412,0.1542
08/29/2024,home vs Lamar,KK,game, game,45533.774270833,45533.858344907,6226,5.8614,324.158,,198,0.0,15.3903,90.90589895999999,7.1137,6.1038,4.626,4.7815,496.157,0.0964
08/29/2024,home vs Lamar,Kallie,game, game,45533.774270833,45533.858344907,6226,4.1005,450.1233,,10,0.0,14.6943,63.59624568,5.066,7.2001,6.2748,3.6604,379.8315,0.1156
08/29/2024,home vs Lamar,Dayo,game, game,45533.774270833,45533.858344907,6226,2.5955,337.7636,,7,0.0,16.6131,40.25362536,3.2646,6.6401,5.6356,2.5283,262.353,0.106
08/29/2024,home vs Lamar,Piper,game, game,45533.774270833,45533.858344907,6226,1.8627,418.6733,,2,0.0,15.9768,28.88946216,2.3146,7.2445,4.4647,1.7705,183.715,0.1253
08/29/2024,home vs Lamar,Kat,game, game,45533.774270833,45533.858344907,6226,5.6005,243.5557,,2,0.0,15.9669,86.86004471999999,6.539,6.4401,4.7467,3.757,389.8488,0.0675
08/29/2024,home vs Lamar,Gorji,game, game,45533.774270833,45533.858344907,6226,3.7573,573.547,,56,0.0,17.4383,58.27270032,4.5322,7.0186,5.2593,3.0236,313.751,0.1446
08/29/2024,home vs Lamar,Cat,game, game,45533.774270833,45533.858344907,6226,4.2689,282.6905,,76,0.0,15.43,66.2075892,5.129,7.0182,5.4623,3.3549,348.125,0.0771
08/29/2024,home vs Lamar,Lauren,game, game,45533.774270833,45533.858344907,6226,2.5268,519.3937,,1,0.0,15.7482,39.18862368,3.0745,6.0,4.6334,2.1125,219.2101,0.1349
08/29/2024,home vs Lamar,Lilly,game, game,45533.774270833,45533.858344907,6226,5.4652,386.5857,,0,0.0,16.0564,84.76149672,6.4488,6.0712,5.4134,3.8902,403.6701,0.1156
08/29/2024,home vs Lamar,Taylor,game, game,45533.774270833,45533.858344907,6226,2.7049,500.4578,,2,0.0,17.0108,41.95066032,3.3538,7.3129,4.7842,2.4428,253.4801,0.1638
08/29/2024,home vs Lamar,Sophie,game, game,45533.774270833,45533.858344907,6226,3.3621,291.9862,,18,0.0,14.6198,52.143294239999996,4.0934,5.2845,5.3408,2.9282,303.8491,0.0771
08/25/2024,Home vs UTRGV,Allie,game, game,45529.462523148,45529.543368056,5965,3.8998,701.6121,,4,0.0,15.7681,63.128712959999994,4.9998,6.6482,5.0778,3.2664,324.7345,0.2012
08/25/2024,Home vs UTRGV,Leah,game, game,45529.462523148,45529.543368056,5965,6.0973,216.0481,,3,0.0,14.5154,98.70161616,7.3654,7.5741,4.9823,4.4928,446.6579,0.0503
08/25/2024,Home vs UTRGV,Gorji,game, game,45529.462523148,45529.543368056,5965,3.7671,621.5434,,51,0.0,16.2503,60.98124455999999,4.6947,7.8934,7.9334,2.9703,295.3019,0.1811
08/25/2024,Home vs UTRGV,Naija,game, game,45529.462523148,45529.543368056,5965,4.5233,648.4965,,96,0.0,16.2055,73.22304888,5.7642,6.7201,6.9698,3.5888,356.7874,0.2012
08/25/2024,Home vs UTRGV,Kallie,game, game,45529.462523148,45529.543368056,5965,4.6078,494.9679,,12,0.0,14.5054,74.58998543999999,5.9487,6.6519,5.4142,4.2674,424.252,0.1207
08/25/2024,Home vs UTRGV,Camille,game, game,45529.462523148,45529.543368056,5965,2.4679,300.1697,,2,0.0,16.8319,39.950501759999995,3.1382,6.6578,4.6889,2.1727,216.005,0.0604
08/25/2024,Home vs UTRGV,KK,game, game,45529.462523148,45529.543368056,5965,5.9073,448.5474,,231,0.0,14.5303,95.62658040000001,7.5213,7.0934,5.7334,5.0953,506.562,0.1308
08/25/2024,Home vs UTRGV,Kat,game, game,45529.462523148,45529.543368056,5965,5.7589,344.1602,,0,0.0,15.1318,93.22408584,7.0267,5.9038,4.9819,3.9856,396.2393,0.1006
08/25/2024,Home vs UTRGV,Dayo,game, game,45529.462523148,45529.543368056,5965,3.6246,559.7326,,11,0.0,18.8302,58.674762,4.7588,6.9423,8.8853,3.7022,368.0555,0.1609
08/25/2024,Home vs UTRGV,Sophie,game, game,45529.462523148,45529.543368056,5965,2.4118,313.4866,,12,0.0,14.9528,39.042594,3.052,5.5556,4.3963,2.3446,233.0894,0.0905
08/25/2024,Home vs UTRGV,Lauren,game, game,45529.462523148,45529.543368056,5965,1.3616,222.6142,,0,0.0,14.7341,22.041520560000002,1.7032,7.609,4.0202,1.2789,127.1429,0.0503
08/25/2024,Home vs UTRGV,Piper,game, game,45529.462523148,45529.543368056,5965,1.1771,97.386,,1,0.0,13.6852,19.05490728,1.4579,5.5475,4.7334,1.404,139.5767,0.0201
08/25/2024,Home vs UTRGV,Mariana,game, game,45529.462523148,45529.543368056,5965,1.9801,132.9731,,15,0.0,14.3016,32.05328616,2.4409,5.7857,4.2465,1.7899,177.9413,0.0402
08/25/2024,Home vs UTRGV,Jules,game, game,45529.462523148,45529.543368056,5965,3.0419,420.3487,,23,0.0,16.2453,49.242085919999994,3.8254,5.9112,4.6267,2.7577,274.1582,0.1308
08/25/2024,Home vs UTRGV,Lilly,game, game,45529.462523148,45529.543368056,5965,5.1431,459.6421,,1,0.0,18.2933,83.2565772,6.333,5.9852,4.1911,3.7604,373.8429,0.1308
08/25/2024,Home vs UTRGV,Cat,game, game,45529.462523148,45529.543368056,5965,4.1534,383.4372,,88,0.0,16.1856,67.23528336,5.2484,6.2408,4.6593,3.4273,340.7308,0.1509
08/25/2024,Home vs UTRGV,Carsyn,game, game,45529.462523148,45529.543368056,5965,4.7721,381.5529,,82,0.0,15.6836,77.25043224,5.9261,7.2312,4.3156,3.8242,380.1861,0.1006
08/25/2024,Home vs UTRGV,Taylor,game, game,45529.462523148,45529.543368056,5965,3.8271,512.3005,,5,0.0,17.2991,61.95224592,4.849,8.1129,5.5879,2.919,290.1943,0.1308
08/22/2024,Away vs FSU,Naija,game, game,45526.791806701,45526.881014456,0,0.0,0.0,,0,0.0,0.0,0.0,0.0,0.0,0.0,0.0,0.0,0.0
08/22/2024,Away vs FSU,Piper,game, game,45526.791806701,45526.881014456,6654,0.6259,9.2137,,0,0.0,11.8658,9.0831924,0.6307,3.8845,3.8185,0.8602,95.4002,0.0
08/22/2024,Away vs FSU,Dayo,game, game,45526.791806701,45526.881014456,6654,4.5937,491.1501,,7,0.0,18.9893,66.66195456,5.4588,7.2223,5.9273,3.9486,437.9016,0.1172
08/22/2024,Away vs FSU,Camille,game, game,45526.791806701,45526.881014456,6654,4.5991,653.2493,,2,0.0,17.6272,66.73995288,5.2206,6.9519,6.0445,3.2173,356.8034,0.1623
08/22/2024,Away vs FSU,Kallie,game, game,45526.791806701,45526.881014456,6654,3.1173,251.0961,,6,0.0,13.7101,45.23710536,3.5618,5.8223,4.6869,2.8949,321.0424,0.0451
08/22/2024,Away vs FSU,Taylor,game, game,45526.791806701,45526.881014456,6654,3.9842,433.3287,,1,0.0,15.4996,57.81742056,4.5534,6.5091,5.1867,3.0988,343.6608,0.0992
08/22/2024,Away vs FSU,Lauren,game, game,45526.791806701,45526.881014456,6654,3.5532,572.4655,,0,0.0,15.5941,51.562741679999995,4.0893,6.1495,4.9593,2.561,284.0198,0.1353
08/22/2024,Away vs FSU,GQ,game, game,45526.791806701,45526.881014456,6654,0.9715,96.1021,,8,0.0,15.0423,14.0986764,1.0486,5.0,4.7677,0.8443,93.629,0.0271
08/22/2024,Away vs FSU,Gorji,game, game,45526.791806701,45526.881014456,6654,4.2846,487.2284,,43,0.0,16.7623,62.1764568,4.8398,6.9001,5.263,3.1816,352.839,0.1533
08/22/2024,Away vs FSU,Cat,game, game,45526.791806701,45526.881014456,6654,4.5122,250.9518,,69,0.0,15.0622,65.47908672,5.1596,7.1075,5.4829,3.297,365.6319,0.0812
08/22/2024,Away vs FSU,Lilly,game, game,45526.791806701,45526.881014456,6654,5.764,351.9707,,0,0.0,15.2411,83.64464856000001,6.3767,6.4667,5.5067,3.8949,431.9475,0.1172
08/22/2024,Away vs FSU,Allie,game, game,45526.791806701,45526.881014456,6654,4.4103,747.3774,,4,0.0,16.5237,64.00013616,5.0183,5.6593,4.7074,3.2466,360.0516,0.1894
08/22/2024,Away vs FSU,Kat,game, game,45526.791806701,45526.881014456,6654,5.8009,252.3943,,5,0.0,15.9868,84.1801212,6.4199,8.1374,4.6101,3.9013,432.6535,0.0721
08/22/2024,Away vs FSU,Sophie,game, game,45526.791806701,45526.881014456,6654,3.6063,451.5439,,12,0.0,15.8377,52.33275792,4.1724,6.3704,5.0586,2.8949,321.045,0.0902
08/22/2024,Away vs FSU,Carsyn,game, game,45526.791806701,45526.881014456,6654,0.7871,0.0,,2,0.0,10.3397,11.42241048,0.7592,0.0,3.6037,1.1824,131.1316,0.0
08/22/2024,Away vs FSU,KK,game, game,45526.791806701,45526.881014456,6654,6.5029,438.1122,,211,0.0,14.8733,94.36736016,7.4521,6.6102,5.9912,5.0251,557.2807,0.1262
08/22/2024,Away vs FSU,Jules,game, game,45526.791806701,45526.881014456,6654,4.1389,477.247,,43,0.0,16.9313,60.06208968000001,4.6881,7.0578,5.9071,3.2297,358.1718,0.0992
08/22/2024,Away vs FSU,Mariana,game, game,45526.791806701,45526.881014456,6654,0.9102,27.5218,,7,0.0,12.7755,13.20905664,0.9335,3.9596,3.4223,1.1727,130.0477,0.009
08/22/2024,Away vs FSU,Leah,game, game,45526.791806701,45526.881014456,6654,6.673,325.5896,,1,0.0,14.3563,96.83642304,7.284,5.8534,5.0963,4.3306,480.2587,0.0721
08/18/2024,NAVY home 8/18,Lauren,game, game,45522.462852535,45522.54345044,6015,1.9583,355.5534,,1,3.955,15.5941,31.43725488,2.4528,5.8756,5.5778,1.7465,175.0833,0.0998
08/18/2024,NAVY home 8/18,Piper,game, game,45522.462852535,45522.54345044,6015,1.289,118.1667,,0,5.4,14.6993,20.69296344,1.5919,5.2704,4.501,1.4461,144.9726,0.0499
08/18/2024,NAVY home 8/18,Bailey,game, game,45522.462852535,45522.54345044,0,0.0,0.0,,0,0.0,0.0,0.0,0.0,0.0,0.0,0.0,0.0,0.0
08/18/2024,NAVY home 8/18,Dayo,game, game,45522.462852535,45522.54345044,6015,3.7141,517.5345,,11,22.002,17.3041,59.623634880000004,4.7144,8.2921,6.0045,3.4585,346.7123,0.1696
08/18/2024,NAVY home 8/18,Camille,game, game,45522.462852535,45522.54345044,0,0.0,0.0,,0,0.0,0.0,0.0,0.0,0.0,0.0,0.0,0.0,0.0
08/18/2024,NAVY home 8/18,Carsyn,game, game,45522.462852535,45522.54345044,6014,5.6314,329.2936,,66,0.0,15.3555,90.41779224,6.8832,7.2223,4.8808,4.2659,427.5806,0.0798
08/18/2024,NAVY home 8/18,Kallie,game, game,45522.462852535,45522.54345044,6015,4.1923,376.2642,,16,6.4667,15.3207,67.29993144,5.2994,5.3889,4.6334,3.8882,389.788,0.0998
08/18/2024,NAVY home 8/18,Gorji,game, game,45522.462852535,45522.54345044,6015,3.605,560.5987,,33,0.0,17.3787,57.871918799999996,4.4386,6.7667,4.9519,3.0051,301.2615,0.1397
08/18/2024,NAVY home 8/18,Mariana,game, game,45522.462852535,45522.54345044,6014,1.7924,108.3232,,16,0.0,13.7001,28.7779968,2.201,5.7112,4.1074,1.5814,158.5049,0.0299
08/18/2024,NAVY home 8/18,Kat,game, game,45522.462852535,45522.54345044,6015,5.24,402.6836,,2,308.1165,16.0862,84.11967935999999,6.2818,10.0,4.9536,3.517,352.5745,0.1097
08/18/2024,NAVY home 8/18,Allie,game, game,45522.462852535,45522.54345044,6015,4.2108,679.1427,,4,0.0,16.3546,67.59756864,5.2908,7.1334,5.4667,3.4075,341.6032,0.1995
08/18/2024,NAVY home 8/18,Jules,game, game,45522.462852535,45522.54345044,6014,3.5607,481.2737,,29,20.09,16.464,57.17130552,4.3945,6.0963,5.099,2.9584,296.5261,0.1796
08/18/2024,NAVY home 8/18,Cat,game, game,45522.462852535,45522.54345044,0,0.0,0.0,,0,0.0,0.0,0.0,0.0,0.0,0.0,0.0,0.0,0.0
08/18/2024,NAVY home 8/18,Sophie,game, game,45522.462852535,45522.54345044,6014,3.6452,416.964,,11,1.5417,16.4044,58.527452159999996,4.5834,8.6853,5.2178,3.2472,325.4796,0.1097
08/18/2024,NAVY home 8/18,Naija,game, game,45522.462852535,45522.54345044,6014,3.6891,416.696,,126,0.0,15.3207,59.23227168,4.6809,8.1156,5.8142,3.0973,310.4571,0.1197
08/18/2024,NAVY home 8/18,Leah,game, game,45522.462852535,45522.54345044,6015,6.1117,297.5691,,0,0.0,13.551,98.11301688,7.3131,5.5467,5.5112,4.4273,443.837,0.0798
08/18/2024,NAVY home 8/18,Lilly,game, game,45522.462852535,45522.54345044,6015,5.1892,444.5754,,0,0.0,17.0705,83.30385168,6.2797,5.5704,4.7516,3.6584,366.7519,0.1297
08/18/2024,NAVY home 8/18,Taylor,game, game,45522.462852535,45522.54345044,6014,3.266,538.3776,,5,3.63,18.4922,52.439559839999994,4.1137,7.1038,5.3186,2.7523,275.8742,0.1596
08/18/2024,NAVY home 8/18,KK,game, game,45522.462852535,45522.54345044,6014,4.5762,472.5303,,165,12.2133,16.5087,73.47514896,5.7087,5.8263,4.1467,3.8792,388.8231,0.1497
08/15/2024,TXST home 8/15,Sophie,all, game,45519.748391204,45519.881756944,8815,3.0226,344.1919,,7,54.8763,15.8178,33.109875360000004,1.9434,6.8223,4.8,2.0541,301.7808,0.0749
08/15/2024,TXST home 8/15,Piper,all, game,45519.748268519,45519.882063657,8815,4.8822,517.7412,,1,0.0,15.1914,53.4800556,3.158,5.7289,6.0534,2.859,420.0412,0.0885
08/15/2024,TXST home 8/15,Nat,all, game,45519.748090278,45519.881918981,8815,1.5195,10.8705,,1,24.0163,12.0497,16.64427456,0.941,5.4593,4.4149,1.2788,187.8805,0.0
08/15/2024,TXST home 8/15,Bailey,all, game,45519.748364583,45519.881940972,8815,1.6896,44.6171,,18,105.399,13.5162,18.5079132,1.044,4.3482,4.7511,1.5066,221.341,0.0
08/15/2024,TXST home 8/15,Taylor,all, game,45519.747549769,45519.884019676,8817,5.8541,740.5719,,9,13.7233,16.6628,64.11160152,3.748,7.3556,5.24,3.1438,461.9798,0.1429
08/15/2024,TXST home 8/15,Lauren,all, game,45519.748332176,45519.881997685,8815,3.4904,420.5576,,2,5.9933,15.9768,38.234630159999995,2.2866,6.0162,4.726,2.181,320.4247,0.0545
08/15/2024,TXST home 8/15,GQ,all, game,45519.747612269,45519.881827546,8815,1.7546,28.2972,,14,0.0,12.4474,19.21959072,1.1132,5.6334,5.5031,1.1839,173.9277,0.0136
08/15/2024,TXST home 8/15,Kat,all, game,45519.747636574,45519.882428241,8815,7.1857,398.4481,,4,528.7292,17.2693,78.7133808,4.4855,7.6178,5.7697,3.539,519.9319,0.0476
08/15/2024,TXST home 8/15,Naija,all, game,45519.748055556,45519.884690972,8839,5.2642,683.3214,,225,0.3367,16.459,57.50762184,3.4194,6.8489,5.9956,3.0382,447.578,0.1086
08/15/2024,TXST home 8/15,Gorji,all, game,45519.748320602,45519.881920139,8815,5.0804,760.8781,,50,0.0,17.5378,55.65157272,3.2562,6.5091,5.6223,2.7742,407.5699,0.1838
08/15/2024,TXST home 8/15,Kallie,all, game,45519.748491898,45519.883631944,8815,4.188,402.0165,,9,7.7283,14.8435,45.87627096,2.6947,5.7156,5.2849,2.7568,405.0201,0.0749
08/15/2024,TXST home 8/15,Lilly,all, game,45519.748361111,45519.881993056,8815,6.8665,351.9139,,2,31.4873,15.6239,75.21634944,4.3252,6.6778,5.7156,3.4998,514.177,0.0817
08/15/2024,TXST home 8/15,Carsyn,all, game,45519.748015046,45519.883762731,8815,7.3457,550.2477,,95,0.0,17.8211,80.46564552,4.6536,6.1112,5.5467,3.8858,570.8831,0.0885
08/15/2024,TXST home 8/15,Mariana,all, game,45519.747275463,45519.881746528,8840,2.6592,173.3372,,52,0.0,14.1873,29.04701328,1.7029,7.4142,5.398,1.8183,267.889,0.0543
08/15/2024,TXST home 8/15,Jules,all, game,45519.747614583,45519.882938657,8815,5.4875,558.7232,,29,0.0,16.2652,60.11091864,3.4867,9.4149,5.16,2.9575,434.4997,0.1157
08/15/2024,TXST home 8/15,Ally,all, game,45519.747881944,45519.88184375,8815,1.3934,2.8051,,0,71.0917,11.4383,15.263713439999998,0.8543,3.899,5.9334,0.9337,137.1729,0.0
08/15/2024,TXST home 8/15,Dayo,all, game,45519.747667824,45519.884418981,8816,4.3512,488.6523,,8,35.965,17.6521,47.658710879999994,2.8555,5.895,6.1495,3.0999,455.4803,0.1225
08/15/2024,TXST home 8/15,Camille,all, game,45519.747706019,45519.883418981,8815,4.602,649.8351,,2,11.7,15.8078,50.41142064,2.9421,8.9051,5.9475,2.6666,391.7721,0.1157
08/15/2024,TXST home 8/15,Leah,all, game,45519.748359954,45519.881725694,8815,7.8782,419.5853,,1,0.0,14.923,86.29869455999999,4.9747,6.5423,5.4489,4.0028,588.0795,0.0953
08/15/2024,TXST home 8/15,Allie,all, game,45519.747274306,45519.881917824,8840,4.8875,691.6668,,12,0.0,15.9073,53.38706112,3.1512,7.0667,6.5519,2.9305,431.7564,0.1493
08/15/2024,TXST home 8/15,Cat,all, game,45519.747693287,45519.882509259,8815,5.434,427.5479,,84,341.1897,15.2411,59.52478824,3.4902,6.4445,5.7778,3.0314,445.3702,0.0885
08/15/2024,TXST home 8/15,KK,all, game,45519.747275463,45519.882497685,8840,7.5348,491.7505,,213,20.135,15.0224,82.3042296,4.7997,6.426,5.6534,4.2472,625.747,0.1154
08/10/2024,Team Scrimmage 8/10,Lilly,game, game,45514.336272188,45514.409676076,6289,4.9608,427.8388,,0,3.8683,17.0406,76.16823984,5.745,5.1689,5.3289,3.5915,376.4527,0.1526
08/10/2024,Team Scrimmage 8/10,Dayo,game, game,45514.336272188,45514.409676076,6289,4.149,480.9576,,11,0.0,16.4889,63.703687679999994,5.0494,7.2149,5.7556,3.9445,413.4504,0.124
08/10/2024,Team Scrimmage 8/10,Taylor,game, game,45514.336272188,45514.409676076,6289,3.6556,470.9905,,3,0.0,15.7034,56.12706072,4.385,6.5601,4.8815,2.8272,296.333,0.124
08/10/2024,Team Scrimmage 8/10,Jules,game, game,45514.336272188,45514.409676076,6289,4.5908,677.8479,,22,0.0,16.2204,70.48634112,5.3574,5.0978,4.6534,3.3253,348.5509,0.1908
08/10/2024,Team Scrimmage 8/10,Sophie,game, game,45514.336272188,45514.409676076,6289,3.82,474.0384,,13,74.727,15.0224,58.652450640000005,4.5488,6.1689,5.0186,3.0303,317.6213,0.1145
08/10/2024,Team Scrimmage 8/10,Carsyn,game, game,45514.336272188,45514.409676076,6289,4.8764,534.1487,,57,0.0,17.2594,74.87171208000001,5.7657,6.2223,4.4667,3.5961,376.9268,0.1622
08/10/2024,Team Scrimmage 8/10,Kallie,game, game,45514.336272188,45514.409676076,6289,5.0748,512.4263,,13,18.1318,14.4507,77.91858432,6.1066,5.6482,5.5423,4.4201,463.3051,0.1145
08/10/2024,Team Scrimmage 8/10,Piper,game, game,45514.336272188,45514.409676076,6289,5.3671,711.834,,0,0.0,15.1914,82.40517935999999,6.4041,6.4178,5.0267,3.9253,411.4323,0.2003
08/10/2024,Team Scrimmage 8/10,KK,game, game,45514.336272188,45514.409676076,6289,4.6983,598.0527,,132,0.0,15.4002,72.13738176,5.5902,6.1156,4.7445,3.7613,394.2508,0.1622
08/10/2024,Team Scrimmage 8/10,Leah,game, game,45514.336272188,45514.409676076,6289,5.1743,233.1839,,0,209.799,15.1914,79.44572376,5.8798,7.0001,4.8162,3.6345,380.9591,0.0572
08/10/2024,Team Scrimmage 8/10,Nat,game, game,45514.336272188,45514.409676076,6289,5.6399,792.8979,,4,25.3317,15.6239,86.59496016,6.8623,5.6845,5.2122,4.6736,489.8712,0.229
08/10/2024,Team Scrimmage 8/10,Camille,game, game,45514.336272188,45514.409676076,6289,4.5914,760.6429,,0,0.0,17.7913,70.49548512000001,5.4283,6.6519,4.8578,3.08,322.8352,0.2481
08/10/2024,Team Scrimmage 8/10,Allie,game, game,45514.336272188,45514.409676076,6289,3.9716,560.8349,,5,0.0,15.4648,60.97941576,4.7132,5.08,5.0593,3.0723,322.0319,0.1813
08/10/2024,Team Scrimmage 8/10,Mariana,game, game,45514.336272188,45514.409676076,6289,5.253,273.4572,,44,44.4603,14.9429,80.65456056,6.1818,5.6593,4.2707,4.1296,432.8539,0.0859
08/10/2024,Team Scrimmage 8/10,Cat,game, game,45514.336272188,45514.409676076,6289,5.6851,619.553,,91,306.4912,14.5601,87.2881668,6.728,5.7744,5.2334,4.0894,428.6339,0.1717
08/10/2024,Team Scrimmage 8/10,Naija,game, game,45514.336272188,45514.409676076,6289,3.8746,780.8091,,61,0.0,16.9114,59.49095544000001,4.6547,6.5132,4.8606,2.8295,296.5783,0.229
08/10/2024,Team Scrimmage 8/10,Gorji,game, game,45514.336272188,45514.409676076,6289,4.0622,733.7062,,43,0.0,17.1798,62.3703096,4.6997,6.7519,5.0045,3.0005,314.5009,0.2481
08/10/2024,Team Scrimmage 8/10,Lauren,game, game,45514.336272188,45514.409676076,6289,4.9705,570.6916,,5,0.0,16.4242,76.31673839999999,5.9781,6.5293,4.901,3.6215,379.5988,0.1813
08/10/2024,Team Scrimmage 8/10,Bailey,game, game,45514.336272188,45514.409676076,6289,5.6495,491.5843,,37,606.4582,15.4996,86.74190424,6.481,6.5051,4.84,3.6673,384.3954,0.1336
08/06/2024,TCU away 8/6,Sophie,game, game,45510.794637315,45510.883617593,6598,2.1904,228.9243,,8,120.4088,15.5295,32.05666944,2.4556,7.6667,5.0667,2.1628,237.8384,0.0637
08/06/2024,TCU away 8/6,KK,game, game,45510.794637315,45510.883617593,6034,4.9615,475.927,,182,0.0,15.6488,79.39726055999999,6.2022,5.9482,4.7067,4.3916,441.6533,0.1392
08/06/2024,TCU away 8/6,Dayo,game, game,45510.794637315,45510.883617593,6014,4.476,742.5174,,7,13.89,18.0448,71.86626216,5.7772,6.6445,5.4142,3.9137,392.285,0.2594
08/06/2024,TCU away 8/6,Mariana,game, game,45510.794637315,45510.883617593,6005,3.5017,192.8986,,33,0.8437,13.4516,56.308020479999996,4.3338,7.3408,4.2154,2.9092,291.1643,0.04
08/06/2024,TCU away 8/6,Leah,game, game,45510.794637315,45510.883617593,6598,4.9645,301.5312,,2,229.8113,14.5353,72.65511504,5.4311,7.4267,4.6142,3.5145,386.4735,0.1
08/06/2024,TCU away 8/6,Gorji,game, game,45510.794637315,45510.883617593,6013,4.0234,565.9104,,42,0.19,15.2411,64.60976664,4.9757,8.2263,5.1852,3.1054,311.2112,0.1896
08/06/2024,TCU away 8/6,Allie,game, game,45510.794637315,45510.883617593,6092,4.3083,817.0109,,9,0.0,16.6131,68.28839784,5.3867,7.2203,5.8267,3.2912,334.164,0.2462
08/06/2024,TCU away 8/6,Kallie,game, game,45510.794637315,45510.883617593,6598,3.9968,493.8338,,3,0.0,15.1815,58.4923392,4.5509,5.2297,4.6344,3.0351,333.7619,0.1091
08/06/2024,TCU away 8/6,Jules,game, game,45510.794637315,45510.883617593,6007,2.7021,302.358,,24,97.6012,14.8186,43.43555448,3.369,5.7963,5.5067,2.4485,245.1406,0.0799
08/06/2024,TCU away 8/6,Taylor,game, game,45510.794637315,45510.883617593,5984,4.2064,739.8184,,1,13.6317,16.7324,67.875912,5.2685,5.6445,5.3186,3.3371,332.822,0.2507
08/06/2024,TCU away 8/6,Ally,game, game,45510.794637315,45510.883617593,6011,3.5507,369.4072,,5,179.8498,15.7929,57.03899184,4.5399,7.1956,5.499,3.4489,345.5235,0.1198
08/06/2024,TCU away 8/6,Lauren,game, game,45510.794637315,45510.883617593,6598,3.5221,588.1117,,2,0.0,15.43,51.5456424,4.035,6.5334,5.0089,2.6301,289.219,0.1455
08/06/2024,TCU away 8/6,Lilly,game, game,45510.794637315,45510.883617593,5999,4.3786,603.641,,2,2.7667,16.6529,70.47884304,5.4005,8.3516,5.4712,3.3079,330.7387,0.21
08/06/2024,TCU away 8/6,Cat,game, game,45510.794637315,45510.883617593,5980,4.2116,651.9534,,80,264.8715,15.6786,68.00612256,5.2954,6.4223,4.9689,3.2,318.9377,0.2508
08/06/2024,TCU away 8/6,Nat,game, game,45510.794637315,45510.883617593,6598,1.2769,127.5707,,0,3.1883,14.9628,18.68786712,1.3897,4.8667,5.1645,1.2135,133.4476,0.0364
08/06/2024,TCU away 8/6,Kat,game, game,45510.794637315,45510.883617593,5852,2.0368,197.623,,2,72.2158,15.0224,33.60840624,2.4825,5.4667,4.3815,1.8042,175.9649,0.0718
08/06/2024,TCU away 8/6,Naija,game, game,45510.794637315,45510.883617593,6598,3.6763,552.8002,,138,0.0,17.1102,53.80219872,4.2426,8.489,5.5556,2.7624,303.7753,0.1637
08/06/2024,TCU away 8/6,Carsyn,game, game,45510.794637315,45510.883617593,6598,4.8051,525.3987,,69,1.97,15.5593,70.32138336,5.4354,6.7704,5.4182,3.4939,384.2151,0.1364
